AA2.hmm	255	C3G|C3G_10277	211	2.5e-40	6	169	22	190	0.63921568627451
AA4.hmm	522	C3G|C3G_28390	522	4.8e-25	15	248	35	266	0.446360153256705
CBM1.hmm	29	C3G|C3G_10155	122	5.1e-15	1	29	87	115	0.96551724137931
CBM1.hmm	29	C3G|C3G_10157	109	4.1e-15	1	29	74	102	0.96551724137931
CBM1.hmm	29	C3G|C3G_10626	143	0.00054	13	29	114	130	0.551724137931034
CBM1.hmm	29	C3G|C3G_10626	143	2.1e-05	5	22	14	32	0.586206896551724
CBM1.hmm	29	C3G|C3G_1073	118	2.6e-08	2	29	46	74	0.931034482758621
CBM1.hmm	29	C3G|C3G_1074	123	2.8e-08	2	29	51	79	0.931034482758621
CBM1.hmm	29	C3G|C3G_11156	128	1.8e-12	1	29	95	123	0.96551724137931
CBM1.hmm	29	C3G|C3G_11263	305	1.4e-10	2	29	26	53	0.931034482758621
CBM1.hmm	29	C3G|C3G_11282	467	7.4e-08	2	29	435	461	0.931034482758621
CBM1.hmm	29	C3G|C3G_1197	143	3.4e-16	1	29	110	138	0.96551724137931
CBM1.hmm	29	C3G|C3G_12227	115	4.2e-15	1	29	82	110	0.96551724137931
CBM1.hmm	29	C3G|C3G_12252	168	8.6e-16	1	29	135	163	0.96551724137931
CBM1.hmm	29	C3G|C3G_12378	187	2e-05	1	25	58	83	0.827586206896552
CBM1.hmm	29	C3G|C3G_12378	187	4.9e-05	2	24	130	153	0.758620689655172
CBM1.hmm	29	C3G|C3G_12603	385	5.7e-11	2	29	26	53	0.931034482758621
CBM1.hmm	29	C3G|C3G_12932	482	1.9e-10	2	28	163	189	0.896551724137931
CBM1.hmm	29	C3G|C3G_13045	374	2.9e-11	3	29	321	347	0.896551724137931
CBM1.hmm	29	C3G|C3G_13048	483	3.9e-11	3	29	430	456	0.896551724137931
CBM1.hmm	29	C3G|C3G_13129	211	1.7e-07	2	29	167	195	0.931034482758621
CBM1.hmm	29	C3G|C3G_13461	339	3.4e-12	2	29	304	331	0.931034482758621
CBM1.hmm	29	C3G|C3G_13554	174	0.00011	5	28	140	164	0.793103448275862
CBM1.hmm	29	C3G|C3G_13554	174	5.2e-06	2	27	49	75	0.862068965517241
CBM1.hmm	29	C3G|C3G_13645	338	0.00013	5	29	301	326	0.827586206896552
CBM1.hmm	29	C3G|C3G_13645	338	2.2e-06	3	29	252	279	0.896551724137931
CBM1.hmm	29	C3G|C3G_13791	123	2e-06	3	26	27	51	0.793103448275862
CBM1.hmm	29	C3G|C3G_13822	146	1.2e-08	2	27	93	119	0.862068965517241
CBM1.hmm	29	C3G|C3G_13822	146	5.3e-05	2	25	35	59	0.793103448275862
CBM1.hmm	29	C3G|C3G_15836	460	0.00018	2	24	107	130	0.758620689655172
CBM1.hmm	29	C3G|C3G_15836	460	2.6e-05	5	26	173	195	0.724137931034483
CBM1.hmm	29	C3G|C3G_1589	177	2.2e-06	5	28	59	83	0.793103448275862
CBM1.hmm	29	C3G|C3G_17064	206	3.7e-11	1	24	182	205	0.793103448275862
CBM1.hmm	29	C3G|C3G_17083	175	1.1e-07	2	28	136	163	0.896551724137931
CBM1.hmm	29	C3G|C3G_17145	535	1.3e-10	2	28	27	53	0.896551724137931
CBM1.hmm	29	C3G|C3G_17704	121	2.1e-07	2	27	55	81	0.862068965517241
CBM1.hmm	29	C3G|C3G_17755	475	1.1e-11	1	29	443	470	0.96551724137931
CBM1.hmm	29	C3G|C3G_17757	476	1.1e-11	1	29	444	471	0.96551724137931
CBM1.hmm	29	C3G|C3G_18489	107	1.7e-09	2	27	65	94	0.862068965517241
CBM1.hmm	29	C3G|C3G_18491	157	3.2e-09	2	27	115	144	0.862068965517241
CBM1.hmm	29	C3G|C3G_18987	128	2.4e-15	1	29	95	123	0.96551724137931
CBM1.hmm	29	C3G|C3G_19810	148	1.2e-14	2	29	116	143	0.931034482758621
CBM1.hmm	29	C3G|C3G_19811	122	1.2e-14	2	29	90	117	0.931034482758621
CBM1.hmm	29	C3G|C3G_19992	573	1.2e-05	5	28	399	423	0.793103448275862
CBM1.hmm	29	C3G|C3G_20130	116	2.5e-14	1	29	83	111	0.96551724137931
CBM1.hmm	29	C3G|C3G_20317	120	2.7e-12	2	28	88	113	0.896551724137931
CBM1.hmm	29	C3G|C3G_20830	209	9.7e-13	1	29	172	200	0.96551724137931
CBM1.hmm	29	C3G|C3G_20831	209	8.1e-13	1	29	172	200	0.96551724137931
CBM1.hmm	29	C3G|C3G_20928	318	1e-05	5	28	273	298	0.793103448275862
CBM1.hmm	29	C3G|C3G_21903	114	2e-05	2	22	92	113	0.689655172413793
CBM1.hmm	29	C3G|C3G_22301	132	7.3e-13	2	29	106	132	0.931034482758621
CBM1.hmm	29	C3G|C3G_22524	138	1.4e-13	2	29	54	81	0.931034482758621
CBM1.hmm	29	C3G|C3G_22524	138	4.3e-12	2	29	104	131	0.931034482758621
CBM1.hmm	29	C3G|C3G_22526	140	1.5e-13	2	29	54	81	0.931034482758621
CBM1.hmm	29	C3G|C3G_22526	140	4.4e-12	2	29	104	131	0.931034482758621
CBM1.hmm	29	C3G|C3G_22586	349	4.2e-06	2	28	236	263	0.896551724137931
CBM1.hmm	29	C3G|C3G_22586	349	7.1e-05	5	22	313	331	0.586206896551724
CBM1.hmm	29	C3G|C3G_22588	261	1.9e-05	2	24	236	259	0.758620689655172
CBM1.hmm	29	C3G|C3G_22589	114	1.5e-05	5	22	78	96	0.586206896551724
CBM1.hmm	29	C3G|C3G_22622	234	4.5e-11	2	28	26	52	0.896551724137931
CBM1.hmm	29	C3G|C3G_22623	337	7.3e-11	2	28	26	52	0.896551724137931
CBM1.hmm	29	C3G|C3G_23209	258	8.4e-07	2	27	225	251	0.862068965517241
CBM1.hmm	29	C3G|C3G_2333	130	1.4e-14	1	29	97	125	0.96551724137931
CBM1.hmm	29	C3G|C3G_23564	293	1e-05	5	24	189	209	0.655172413793103
CBM1.hmm	29	C3G|C3G_23566	255	8.6e-06	5	24	189	209	0.655172413793103
CBM1.hmm	29	C3G|C3G_24176	114	6e-10	2	29	76	103	0.931034482758621
CBM1.hmm	29	C3G|C3G_2461	169	1.9e-06	2	29	132	161	0.931034482758621
CBM1.hmm	29	C3G|C3G_25136	124	1.3e-13	2	28	92	117	0.896551724137931
CBM1.hmm	29	C3G|C3G_2575	106	8.1e-14	2	29	25	52	0.931034482758621
CBM1.hmm	29	C3G|C3G_26626	277	8.1e-12	2	29	155	182	0.931034482758621
CBM1.hmm	29	C3G|C3G_27171	108	3.5e-15	1	29	72	100	0.96551724137931
CBM1.hmm	29	C3G|C3G_2728	254	1.5e-05	2	28	186	213	0.896551724137931
CBM1.hmm	29	C3G|C3G_2728	254	5.9e-07	5	28	43	67	0.793103448275862
CBM1.hmm	29	C3G|C3G_2732	394	2.9e-11	2	28	362	387	0.896551724137931
CBM1.hmm	29	C3G|C3G_3128	202	3.5e-09	1	29	164	193	0.96551724137931
CBM1.hmm	29	C3G|C3G_329	291	3.1e-08	5	29	63	88	0.827586206896552
CBM1.hmm	29	C3G|C3G_331	291	3.1e-08	5	29	63	88	0.827586206896552
CBM1.hmm	29	C3G|C3G_3419	119	1.7e-05	13	29	3	19	0.551724137931034
CBM1.hmm	29	C3G|C3G_3419	119	3.4e-08	2	29	83	111	0.931034482758621
CBM1.hmm	29	C3G|C3G_3777	191	1.6e-13	1	28	157	183	0.931034482758621
CBM1.hmm	29	C3G|C3G_3780	180	1.5e-13	1	28	146	172	0.931034482758621
CBM1.hmm	29	C3G|C3G_4101	342	3.6e-15	1	29	309	337	0.96551724137931
CBM1.hmm	29	C3G|C3G_4104	298	9.5e-15	1	29	265	293	0.96551724137931
CBM1.hmm	29	C3G|C3G_4105	149	3.4e-15	1	29	116	144	0.96551724137931
CBM1.hmm	29	C3G|C3G_4106	298	9.5e-15	1	29	265	293	0.96551724137931
CBM1.hmm	29	C3G|C3G_4107	149	3.4e-15	1	29	116	144	0.96551724137931
CBM1.hmm	29	C3G|C3G_4108	149	3.4e-15	1	29	116	144	0.96551724137931
CBM1.hmm	29	C3G|C3G_4344	105	5.4e-14	1	29	72	100	0.96551724137931
CBM1.hmm	29	C3G|C3G_4374	305	4.3e-13	2	29	270	297	0.931034482758621
CBM1.hmm	29	C3G|C3G_4376	444	7e-13	2	29	409	436	0.931034482758621
CBM1.hmm	29	C3G|C3G_4599	114	2e-14	2	29	25	52	0.931034482758621
CBM1.hmm	29	C3G|C3G_4688	108	8.9e-13	2	29	77	103	0.931034482758621
CBM1.hmm	29	C3G|C3G_5268	157	1e-15	1	29	124	152	0.96551724137931
CBM1.hmm	29	C3G|C3G_5353	220	1.1e-09	2	29	184	211	0.931034482758621
CBM1.hmm	29	C3G|C3G_5386	115	1.1e-05	2	29	53	82	0.931034482758621
CBM1.hmm	29	C3G|C3G_5596	358	2.7e-09	3	29	26	52	0.896551724137931
CBM1.hmm	29	C3G|C3G_5972	394	3.2e-10	4	29	92	116	0.862068965517241
CBM1.hmm	29	C3G|C3G_5973	394	3.2e-10	4	29	92	116	0.862068965517241
CBM1.hmm	29	C3G|C3G_6448	276	0.00038	2	27	229	255	0.862068965517241
CBM1.hmm	29	C3G|C3G_6449	259	0.00032	2	28	215	240	0.896551724137931
CBM1.hmm	29	C3G|C3G_6449	259	1.9e-06	2	26	165	190	0.827586206896552
CBM1.hmm	29	C3G|C3G_6449	259	4.5e-05	2	29	32	60	0.931034482758621
CBM1.hmm	29	C3G|C3G_6589	690	0.00046	5	25	38	59	0.689655172413793
CBM1.hmm	29	C3G|C3G_7318	117	4.6e-10	2	29	80	108	0.931034482758621
CBM1.hmm	29	C3G|C3G_7647	110	4.7e-11	3	29	80	105	0.896551724137931
CBM1.hmm	29	C3G|C3G_9229	134	5.1e-12	2	28	26	52	0.896551724137931
CBM1.hmm	29	C3G|C3G_953	210	3.1e-07	4	29	181	205	0.862068965517241
CBM1.hmm	29	C3G|C3G_9612	164	4.2e-06	5	26	58	80	0.724137931034483
CBM10.hmm	28	C3G|C3G_10168	159	0.00022	2	27	59	91	0.892857142857143
CBM10.hmm	28	C3G|C3G_10392	112	0.00017	5	27	65	96	0.785714285714286
CBM10.hmm	28	C3G|C3G_12037	120	8.1e-11	5	27	10	40	0.785714285714286
CBM10.hmm	28	C3G|C3G_12291	475	2.9e-06	7	28	408	436	0.75
CBM10.hmm	28	C3G|C3G_12292	330	1.8e-06	7	28	263	291	0.75
CBM10.hmm	28	C3G|C3G_12327	195	0.00029	6	27	5	33	0.75
CBM10.hmm	28	C3G|C3G_12329	230	0.00037	6	27	5	33	0.75
CBM10.hmm	28	C3G|C3G_12355	111	0.00064	3	28	18	47	0.892857142857143
CBM10.hmm	28	C3G|C3G_16230	162	0.00071	9	28	29	58	0.678571428571429
CBM10.hmm	28	C3G|C3G_16231	162	0.00071	9	28	29	58	0.678571428571429
CBM10.hmm	28	C3G|C3G_16244	136	0.00088	6	27	17	46	0.75
CBM10.hmm	28	C3G|C3G_1634	107	8.8e-05	8	28	70	98	0.714285714285714
CBM10.hmm	28	C3G|C3G_16507	106	5.7e-05	4	27	60	92	0.821428571428571
CBM10.hmm	28	C3G|C3G_17004	118	4e-05	7	27	86	114	0.714285714285714
CBM10.hmm	28	C3G|C3G_17184	783	2.8e-07	6	28	705	734	0.785714285714286
CBM10.hmm	28	C3G|C3G_17189	800	2.9e-07	6	28	722	751	0.785714285714286
CBM10.hmm	28	C3G|C3G_17191	783	2.8e-07	6	28	705	734	0.785714285714286
CBM10.hmm	28	C3G|C3G_1722	159	0.00028	11	27	115	139	0.571428571428571
CBM10.hmm	28	C3G|C3G_1722	159	0.00028	11	27	67	91	0.571428571428571
CBM10.hmm	28	C3G|C3G_1722	159	0.0003	11	27	19	43	0.571428571428571
CBM10.hmm	28	C3G|C3G_17560	491	0.00039	8	27	36	62	0.678571428571429
CBM10.hmm	28	C3G|C3G_17563	491	0.00039	8	27	36	62	0.678571428571429
CBM10.hmm	28	C3G|C3G_17572	509	0.00041	8	27	36	62	0.678571428571429
CBM10.hmm	28	C3G|C3G_17574	495	0.0004	8	27	36	62	0.678571428571429
CBM10.hmm	28	C3G|C3G_17581	513	0.00042	8	27	36	62	0.678571428571429
CBM10.hmm	28	C3G|C3G_17582	791	9.5e-08	7	28	758	786	0.75
CBM10.hmm	28	C3G|C3G_19715	476	0.00066	9	27	443	468	0.642857142857143
CBM10.hmm	28	C3G|C3G_19945	123	0.00033	8	27	5	31	0.678571428571429
CBM10.hmm	28	C3G|C3G_19945	123	5.6e-05	7	27	89	116	0.714285714285714
CBM10.hmm	28	C3G|C3G_22334	170	0.00023	8	27	1	28	0.678571428571429
CBM10.hmm	28	C3G|C3G_239	579	0.00077	4	27	111	143	0.821428571428571
CBM10.hmm	28	C3G|C3G_240	580	0.00077	4	27	111	143	0.821428571428571
CBM10.hmm	28	C3G|C3G_24520	162	0.00024	5	27	104	135	0.785714285714286
CBM10.hmm	28	C3G|C3G_25132	125	0.00021	11	28	80	105	0.607142857142857
CBM10.hmm	28	C3G|C3G_26070	115	1.7e-05	4	27	14	43	0.821428571428571
CBM10.hmm	28	C3G|C3G_26070	115	1.7e-05	4	27	50	79	0.821428571428571
CBM10.hmm	28	C3G|C3G_26070	115	5e-05	4	27	86	115	0.821428571428571
CBM10.hmm	28	C3G|C3G_26071	452	0.00013	4	27	14	43	0.821428571428571
CBM10.hmm	28	C3G|C3G_26071	452	0.00021	5	27	51	79	0.785714285714286
CBM10.hmm	28	C3G|C3G_27008	167	0.00056	8	27	24	51	0.678571428571429
CBM10.hmm	28	C3G|C3G_27914	123	6.3e-05	7	27	4	32	0.714285714285714
CBM10.hmm	28	C3G|C3G_2806	104	0.00013	8	27	62	89	0.678571428571429
CBM10.hmm	28	C3G|C3G_3040	106	0.00046	8	27	58	84	0.678571428571429
CBM10.hmm	28	C3G|C3G_3339	253	0.00053	8	27	23	50	0.678571428571429
CBM10.hmm	28	C3G|C3G_387	161	0.00033	4	27	55	88	0.821428571428571
CBM10.hmm	28	C3G|C3G_4535	144	1.7e-05	7	27	24	52	0.714285714285714
CBM10.hmm	28	C3G|C3G_4535	144	7.2e-05	8	27	78	105	0.678571428571429
CBM10.hmm	28	C3G|C3G_4536	256	0.00017	8	27	78	105	0.678571428571429
CBM10.hmm	28	C3G|C3G_4536	256	4.2e-05	7	27	24	52	0.714285714285714
CBM10.hmm	28	C3G|C3G_4887	363	0.00019	2	27	22	55	0.892857142857143
CBM10.hmm	28	C3G|C3G_7844	146	0.00025	7	27	12	41	0.714285714285714
CBM10.hmm	28	C3G|C3G_9199	442	3.8e-08	5	28	347	378	0.821428571428571
CBM10.hmm	28	C3G|C3G_9201	159	1.2e-11	5	28	64	95	0.821428571428571
CBM10.hmm	28	C3G|C3G_9201	159	6.1e-06	15	28	6	19	0.464285714285714
CBM10.hmm	28	C3G|C3G_9676	185	0.00083	7	27	39	69	0.714285714285714
CBM12.hmm	34	C3G|C3G_10286	118	1.8e-09	2	34	4	37	0.941176470588235
CBM12.hmm	34	C3G|C3G_10293	108	1.5e-09	2	34	4	37	0.941176470588235
CBM13.hmm	188	C3G|C3G_11972	363	1.4e-10	10	140	157	289	0.691489361702128
CBM13.hmm	188	C3G|C3G_11972	363	4.9e-07	13	90	14	93	0.409574468085106
CBM13.hmm	188	C3G|C3G_11973	673	1.2e-06	13	90	14	93	0.409574468085106
CBM13.hmm	188	C3G|C3G_11973	673	2.1e-06	13	90	347	426	0.409574468085106
CBM13.hmm	188	C3G|C3G_11973	673	3.9e-10	10	143	157	292	0.707446808510638
CBM13.hmm	188	C3G|C3G_11973	673	6.2e-10	10	144	490	626	0.712765957446808
CBM13.hmm	188	C3G|C3G_13289	224	7.4e-33	6	166	3	169	0.851063829787234
CBM13.hmm	188	C3G|C3G_13545	566	4.7e-08	9	137	429	550	0.680851063829787
CBM13.hmm	188	C3G|C3G_13546	137	2.6e-14	7	135	7	133	0.680851063829787
CBM13.hmm	188	C3G|C3G_13547	692	1.4e-12	8	135	563	688	0.675531914893617
CBM13.hmm	188	C3G|C3G_13547	692	4.5e-08	9	137	429	550	0.680851063829787
CBM13.hmm	188	C3G|C3G_13707	165	1.8e-08	29	139	7	112	0.585106382978723
CBM13.hmm	188	C3G|C3G_13707	165	9.9e-06	10	90	72	157	0.425531914893617
CBM13.hmm	188	C3G|C3G_14507	138	1.4e-11	6	125	14	127	0.632978723404255
CBM13.hmm	188	C3G|C3G_16050	220	1e-18	4	134	83	217	0.691489361702128
CBM13.hmm	188	C3G|C3G_16166	103	5.2e-10	24	110	7	100	0.457446808510638
CBM13.hmm	188	C3G|C3G_17385	311	6.4e-31	4	133	162	296	0.686170212765957
CBM13.hmm	188	C3G|C3G_17387	421	5.2e-32	4	139	162	302	0.718085106382979
CBM13.hmm	188	C3G|C3G_17390	706	8.6e-36	5	149	454	604	0.765957446808511
CBM13.hmm	188	C3G|C3G_17436	344	1.5e-06	13	126	6	128	0.601063829787234
CBM13.hmm	188	C3G|C3G_17436	344	2.7e-09	9	136	104	228	0.675531914893617
CBM13.hmm	188	C3G|C3G_17437	182	1.3e-07	56	136	12	96	0.425531914893617
CBM13.hmm	188	C3G|C3G_17439	366	2.7e-07	15	137	132	251	0.648936170212766
CBM13.hmm	188	C3G|C3G_17440	314	2.1e-06	13	125	6	127	0.595744680851064
CBM13.hmm	188	C3G|C3G_17440	314	6.6e-09	9	134	104	226	0.664893617021277
CBM13.hmm	188	C3G|C3G_17722	436	7.3e-22	4	136	195	333	0.702127659574468
CBM13.hmm	188	C3G|C3G_17740	392	3.8e-22	4	136	195	333	0.702127659574468
CBM13.hmm	188	C3G|C3G_17899	201	5.8e-21	5	137	26	168	0.702127659574468
CBM13.hmm	188	C3G|C3G_18701	209	7.2e-11	10	159	51	187	0.792553191489362
CBM13.hmm	188	C3G|C3G_18748	1059	2.2e-23	4	135	122	260	0.696808510638298
CBM13.hmm	188	C3G|C3G_19338	302	7.3e-11	7	143	123	260	0.723404255319149
CBM13.hmm	188	C3G|C3G_20861	548	8.2e-21	4	138	118	258	0.712765957446808
CBM13.hmm	188	C3G|C3G_20864	548	8.2e-21	4	138	118	258	0.712765957446808
CBM13.hmm	188	C3G|C3G_20890	528	2e-10	6	157	279	416	0.803191489361702
CBM13.hmm	188	C3G|C3G_20890	528	3.3e-08	14	127	364	477	0.601063829787234
CBM13.hmm	188	C3G|C3G_20890	528	8.2e-11	12	125	108	216	0.601063829787234
CBM13.hmm	188	C3G|C3G_20892	528	2e-10	6	157	279	416	0.803191489361702
CBM13.hmm	188	C3G|C3G_20892	528	3.3e-08	14	127	364	477	0.601063829787234
CBM13.hmm	188	C3G|C3G_20892	528	8.2e-11	12	125	108	216	0.601063829787234
CBM13.hmm	188	C3G|C3G_21398	127	0.00012	52	126	24	90	0.393617021276596
CBM13.hmm	188	C3G|C3G_21456	220	8.9e-10	9	106	101	192	0.515957446808511
CBM13.hmm	188	C3G|C3G_23183	124	3.9e-21	38	141	7	119	0.547872340425532
CBM13.hmm	188	C3G|C3G_23951	106	6.5e-07	15	110	2	105	0.50531914893617
CBM13.hmm	188	C3G|C3G_24180	154	0.0003	50	126	9	79	0.404255319148936
CBM13.hmm	188	C3G|C3G_25864	119	4.2e-10	28	137	4	104	0.579787234042553
CBM13.hmm	188	C3G|C3G_26249	255	1.6e-31	6	163	2	162	0.835106382978723
CBM13.hmm	188	C3G|C3G_26920	382	3.2e-07	10	127	163	276	0.622340425531915
CBM13.hmm	188	C3G|C3G_2808	558	3.3e-21	4	136	414	553	0.702127659574468
CBM13.hmm	188	C3G|C3G_300	137	6.5e-07	17	100	56	128	0.441489361702128
CBM13.hmm	188	C3G|C3G_3123	548	4.2e-21	4	139	307	449	0.718085106382979
CBM13.hmm	188	C3G|C3G_3196	212	4.9e-09	6	141	13	139	0.718085106382979
CBM13.hmm	188	C3G|C3G_3304	149	4e-10	7	134	19	142	0.675531914893617
CBM13.hmm	188	C3G|C3G_3586	572	7.5e-20	5	139	30	164	0.712765957446808
CBM13.hmm	188	C3G|C3G_3628	355	1.8e-07	54	126	48	116	0.382978723404255
CBM13.hmm	188	C3G|C3G_3628	355	1.9e-07	10	133	90	213	0.654255319148936
CBM13.hmm	188	C3G|C3G_3628	355	9.1e-06	10	92	222	306	0.436170212765957
CBM13.hmm	188	C3G|C3G_3668	426	1.2e-06	9	137	204	330	0.680851063829787
CBM13.hmm	188	C3G|C3G_3668	426	2e-08	14	137	74	190	0.654255319148936
CBM13.hmm	188	C3G|C3G_3669	421	1.3e-07	5	131	200	324	0.670212765957447
CBM13.hmm	188	C3G|C3G_3669	421	1.7e-08	14	137	74	190	0.654255319148936
CBM13.hmm	188	C3G|C3G_3670	118	8.4e-07	11	91	31	109	0.425531914893617
CBM13.hmm	188	C3G|C3G_4429	266	1.5e-23	4	141	28	169	0.728723404255319
CBM13.hmm	188	C3G|C3G_6849	143	0.00012	50	127	16	87	0.409574468085106
CBM13.hmm	188	C3G|C3G_6849	143	2.4e-06	12	90	62	138	0.414893617021277
CBM13.hmm	188	C3G|C3G_7196	222	7.4e-14	46	141	31	129	0.50531914893617
CBM13.hmm	188	C3G|C3G_8357	126	2.4e-15	46	139	25	120	0.49468085106383
CBM13.hmm	188	C3G|C3G_8416	1612	3.4e-22	4	134	1371	1507	0.691489361702128
CBM13.hmm	188	C3G|C3G_8424	1618	5.3e-23	4	135	1371	1508	0.696808510638298
CBM13.hmm	188	C3G|C3G_8431	1610	1.9e-22	4	134	1369	1505	0.691489361702128
CBM13.hmm	188	C3G|C3G_8433	1616	3.2e-23	4	135	1369	1506	0.696808510638298
CBM13.hmm	188	C3G|C3G_9151	154	7e-20	32	139	12	122	0.569148936170213
CBM13.hmm	188	C3G|C3G_9642	199	6.9e-06	47	124	48	124	0.409574468085106
CBM13.hmm	188	C3G|C3G_9726	208	2.1e-07	35	161	56	200	0.670212765957447
CBM18.hmm	38	C3G|C3G_10021	216	1.2e-10	2	36	101	133	0.894736842105263
CBM18.hmm	38	C3G|C3G_11259	145	2.1e-07	2	36	20	53	0.894736842105263
CBM18.hmm	38	C3G|C3G_11259	145	6e-08	2	35	93	125	0.868421052631579
CBM18.hmm	38	C3G|C3G_11260	133	2e-07	2	36	20	53	0.894736842105263
CBM18.hmm	38	C3G|C3G_11260	133	4e-08	2	35	93	125	0.868421052631579
CBM18.hmm	38	C3G|C3G_11261	117	4.8e-08	2	35	65	97	0.868421052631579
CBM18.hmm	38	C3G|C3G_11261	117	6.1e-09	13	35	2	24	0.578947368421053
CBM18.hmm	38	C3G|C3G_11360	498	3.1e-07	1	35	449	482	0.894736842105263
CBM18.hmm	38	C3G|C3G_11360	498	6.3e-08	2	35	377	409	0.868421052631579
CBM18.hmm	38	C3G|C3G_11361	554	2.6e-07	2	35	377	409	0.868421052631579
CBM18.hmm	38	C3G|C3G_11361	554	3.9e-08	1	35	505	538	0.894736842105263
CBM18.hmm	38	C3G|C3G_11361	554	7.2e-08	2	35	433	465	0.868421052631579
CBM18.hmm	38	C3G|C3G_11362	107	1.3e-05	18	35	1	18	0.447368421052632
CBM18.hmm	38	C3G|C3G_11362	107	5.1e-08	1	35	58	91	0.894736842105263
CBM18.hmm	38	C3G|C3G_11700	314	3.8e-09	2	36	277	311	0.894736842105263
CBM18.hmm	38	C3G|C3G_11972	363	1.1e-07	2	36	102	134	0.894736842105263
CBM18.hmm	38	C3G|C3G_11973	673	1.6e-07	2	36	102	134	0.894736842105263
CBM18.hmm	38	C3G|C3G_11973	673	1.6e-07	2	36	435	467	0.894736842105263
CBM18.hmm	38	C3G|C3G_12286	453	2.9e-08	1	36	356	391	0.921052631578947
CBM18.hmm	38	C3G|C3G_12286	453	6e-08	1	36	412	446	0.921052631578947
CBM18.hmm	38	C3G|C3G_12481	111	7.1e-10	2	36	24	56	0.894736842105263
CBM18.hmm	38	C3G|C3G_12481	111	8.9e-10	2	33	80	111	0.815789473684211
CBM18.hmm	38	C3G|C3G_13376	184	5.6e-13	1	36	17	52	0.921052631578947
CBM18.hmm	38	C3G|C3G_13376	184	6.9e-13	1	36	142	177	0.921052631578947
CBM18.hmm	38	C3G|C3G_13378	116	1.4e-08	1	26	90	115	0.657894736842105
CBM18.hmm	38	C3G|C3G_13378	116	6.9e-13	1	36	17	52	0.921052631578947
CBM18.hmm	38	C3G|C3G_13713	186	7.8e-09	1	36	144	177	0.921052631578947
CBM18.hmm	38	C3G|C3G_14122	333	9.8e-05	1	35	182	218	0.894736842105263
CBM18.hmm	38	C3G|C3G_14124	321	9.3e-05	1	35	182	218	0.894736842105263
CBM18.hmm	38	C3G|C3G_14235	103	2.2e-09	1	36	60	96	0.921052631578947
CBM18.hmm	38	C3G|C3G_14246	164	1.1e-09	1	36	124	157	0.921052631578947
CBM18.hmm	38	C3G|C3G_14246	164	4.5e-09	2	36	69	103	0.894736842105263
CBM18.hmm	38	C3G|C3G_14496	411	4.8e-10	1	35	366	402	0.894736842105263
CBM18.hmm	38	C3G|C3G_14496	411	5e-12	1	38	325	363	0.973684210526316
CBM18.hmm	38	C3G|C3G_1475	636	1.5e-11	2	36	586	620	0.894736842105263
CBM18.hmm	38	C3G|C3G_1476	615	9.3e-11	2	36	565	599	0.894736842105263
CBM18.hmm	38	C3G|C3G_1477	838	2.1e-10	2	35	556	588	0.868421052631579
CBM18.hmm	38	C3G|C3G_1477	838	2.1e-11	2	36	646	680	0.894736842105263
CBM18.hmm	38	C3G|C3G_1477	838	2.6e-09	1	35	798	830	0.894736842105263
CBM18.hmm	38	C3G|C3G_1477	838	3.8e-11	2	36	748	781	0.894736842105263
CBM18.hmm	38	C3G|C3G_14829	575	0.0008	2	37	531	568	0.921052631578947
CBM18.hmm	38	C3G|C3G_14830	580	0.00081	2	37	536	573	0.921052631578947
CBM18.hmm	38	C3G|C3G_15156	161	7.3e-10	13	36	1	24	0.605263157894737
CBM18.hmm	38	C3G|C3G_15156	161	9.8e-12	2	36	87	119	0.894736842105263
CBM18.hmm	38	C3G|C3G_15157	126	1.4e-11	2	37	87	120	0.921052631578947
CBM18.hmm	38	C3G|C3G_15157	126	5e-10	13	36	1	24	0.605263157894737
CBM18.hmm	38	C3G|C3G_15158	142	1.9e-10	1	37	101	136	0.947368421052632
CBM18.hmm	38	C3G|C3G_15671	302	7.3e-06	2	35	262	294	0.868421052631579
CBM18.hmm	38	C3G|C3G_15942	994	8.9e-08	2	36	623	657	0.894736842105263
CBM18.hmm	38	C3G|C3G_15945	970	8.7e-08	2	36	623	657	0.894736842105263
CBM18.hmm	38	C3G|C3G_15947	987	8.9e-08	2	36	623	657	0.894736842105263
CBM18.hmm	38	C3G|C3G_15991	388	1e-07	1	36	348	381	0.921052631578947
CBM18.hmm	38	C3G|C3G_15993	118	5.6e-09	1	36	78	111	0.921052631578947
CBM18.hmm	38	C3G|C3G_16212	190	2.2e-09	2	36	19	51	0.894736842105263
CBM18.hmm	38	C3G|C3G_16357	103	9.1e-10	2	36	32	65	0.894736842105263
CBM18.hmm	38	C3G|C3G_16533	491	3.1e-08	1	35	450	483	0.894736842105263
CBM18.hmm	38	C3G|C3G_16680	385	5.4e-06	1	26	361	384	0.657894736842105
CBM18.hmm	38	C3G|C3G_16751	427	5.7e-07	2	28	403	427	0.684210526315789
CBM18.hmm	38	C3G|C3G_17212	109	2.5e-07	1	35	66	100	0.894736842105263
CBM18.hmm	38	C3G|C3G_17213	109	3e-07	1	35	66	100	0.894736842105263
CBM18.hmm	38	C3G|C3G_17215	103	6.2e-07	7	35	24	54	0.736842105263158
CBM18.hmm	38	C3G|C3G_17215	103	9.6e-08	7	35	69	99	0.736842105263158
CBM18.hmm	38	C3G|C3G_17217	108	6.3e-07	7	35	24	54	0.736842105263158
CBM18.hmm	38	C3G|C3G_17217	108	7.1e-05	7	35	69	99	0.736842105263158
CBM18.hmm	38	C3G|C3G_17218	113	2.2e-06	7	35	48	78	0.736842105263158
CBM18.hmm	38	C3G|C3G_17218	113	4.4e-07	9	36	5	34	0.710526315789474
CBM18.hmm	38	C3G|C3G_17218	113	5.1e-05	2	27	86	113	0.657894736842105
CBM18.hmm	38	C3G|C3G_17219	127	1.4e-07	2	36	45	79	0.894736842105263
CBM18.hmm	38	C3G|C3G_17219	127	3.2e-08	7	36	93	124	0.763157894736842
CBM18.hmm	38	C3G|C3G_17220	149	2.1e-07	2	36	67	101	0.894736842105263
CBM18.hmm	38	C3G|C3G_17220	149	6e-08	7	35	115	145	0.736842105263158
CBM18.hmm	38	C3G|C3G_17252	161	5.3e-08	15	36	1	22	0.552631578947368
CBM18.hmm	38	C3G|C3G_17252	161	6.3e-11	1	36	66	99	0.921052631578947
CBM18.hmm	38	C3G|C3G_17536	211	1.6e-06	2	36	30	64	0.894736842105263
CBM18.hmm	38	C3G|C3G_17536	211	7.9e-09	2	36	132	166	0.894736842105263
CBM18.hmm	38	C3G|C3G_17538	314	1.7e-06	2	36	30	64	0.894736842105263
CBM18.hmm	38	C3G|C3G_17538	314	1e-08	2	36	235	269	0.894736842105263
CBM18.hmm	38	C3G|C3G_17538	314	6.2e-09	2	36	133	167	0.894736842105263
CBM18.hmm	38	C3G|C3G_17540	284	1.6e-10	2	36	67	101	0.894736842105263
CBM18.hmm	38	C3G|C3G_17540	284	6.4e-11	2	36	171	205	0.894736842105263
CBM18.hmm	38	C3G|C3G_17543	296	3.2e-10	2	36	100	134	0.894736842105263
CBM18.hmm	38	C3G|C3G_17543	296	6.8e-11	2	36	204	238	0.894736842105263
CBM18.hmm	38	C3G|C3G_17543	296	7.4e-08	7	36	2	31	0.763157894736842
CBM18.hmm	38	C3G|C3G_17544	317	1.2e-06	7	36	2	31	0.763157894736842
CBM18.hmm	38	C3G|C3G_17544	317	3.5e-10	2	36	100	134	0.894736842105263
CBM18.hmm	38	C3G|C3G_17544	317	7.5e-11	2	36	204	238	0.894736842105263
CBM18.hmm	38	C3G|C3G_17546	385	4.6e-10	2	36	100	134	0.894736842105263
CBM18.hmm	38	C3G|C3G_17546	385	6.3e-09	2	36	204	238	0.894736842105263
CBM18.hmm	38	C3G|C3G_17546	385	7.2e-08	7	36	2	31	0.763157894736842
CBM18.hmm	38	C3G|C3G_17546	385	9.4e-09	2	36	306	340	0.894736842105263
CBM18.hmm	38	C3G|C3G_17548	180	4.7e-11	2	36	67	101	0.894736842105263
CBM18.hmm	38	C3G|C3G_17663	362	1.5e-10	1	36	306	339	0.921052631578947
CBM18.hmm	38	C3G|C3G_17665	112	6.3e-11	1	36	70	105	0.921052631578947
CBM18.hmm	38	C3G|C3G_18316	108	6.6e-08	1	36	38	75	0.921052631578947
CBM18.hmm	38	C3G|C3G_18699	155	1.3e-10	1	29	127	155	0.736842105263158
CBM18.hmm	38	C3G|C3G_18699	155	5.8e-05	23	37	1	15	0.368421052631579
CBM18.hmm	38	C3G|C3G_18699	155	7.3e-14	1	37	53	89	0.947368421052632
CBM18.hmm	38	C3G|C3G_19164	288	2.7e-09	2	36	246	280	0.894736842105263
CBM18.hmm	38	C3G|C3G_19243	106	8.7e-12	1	36	10	43	0.921052631578947
CBM18.hmm	38	C3G|C3G_19245	104	1e-11	1	36	64	97	0.921052631578947
CBM18.hmm	38	C3G|C3G_19338	302	1.6e-08	1	36	260	293	0.921052631578947
CBM18.hmm	38	C3G|C3G_19339	111	3.5e-09	1	36	69	102	0.921052631578947
CBM18.hmm	38	C3G|C3G_19495	123	1.5e-07	1	36	21	56	0.921052631578947
CBM18.hmm	38	C3G|C3G_19936	99	1.1e-09	2	35	66	99	0.868421052631579
CBM18.hmm	38	C3G|C3G_19937	154	8.5e-10	2	36	28	62	0.894736842105263
CBM18.hmm	38	C3G|C3G_19938	156	1e-09	2	36	24	58	0.894736842105263
CBM18.hmm	38	C3G|C3G_19938	156	3.9e-05	2	25	130	153	0.605263157894737
CBM18.hmm	38	C3G|C3G_19939	99	1.1e-09	2	35	66	99	0.868421052631579
CBM18.hmm	38	C3G|C3G_20166	267	4e-06	2	36	191	224	0.894736842105263
CBM18.hmm	38	C3G|C3G_20166	267	4e-10	2	36	3	38	0.894736842105263
CBM18.hmm	38	C3G|C3G_20166	267	6.2e-08	2	35	70	102	0.868421052631579
CBM18.hmm	38	C3G|C3G_20166	267	7.9e-08	2	35	130	162	0.868421052631579
CBM18.hmm	38	C3G|C3G_20167	206	2.7e-08	2	36	130	163	0.894736842105263
CBM18.hmm	38	C3G|C3G_20167	206	2.7e-10	2	36	3	38	0.894736842105263
CBM18.hmm	38	C3G|C3G_20167	206	5.4e-08	2	35	70	102	0.868421052631579
CBM18.hmm	38	C3G|C3G_20168	171	3.3e-06	2	36	95	128	0.894736842105263
CBM18.hmm	38	C3G|C3G_20168	171	9.9e-08	2	35	34	66	0.868421052631579
CBM18.hmm	38	C3G|C3G_20169	218	1.4e-10	2	36	111	147	0.894736842105263
CBM18.hmm	38	C3G|C3G_20170	145	1.3e-10	7	35	94	122	0.736842105263158
CBM18.hmm	38	C3G|C3G_20170	145	6.7e-11	2	36	23	55	0.894736842105263
CBM18.hmm	38	C3G|C3G_2052	156	1.1e-09	2	36	115	147	0.894736842105263
CBM18.hmm	38	C3G|C3G_21093	304	1.2e-11	1	36	36	73	0.921052631578947
CBM18.hmm	38	C3G|C3G_21127	641	2.9e-08	1	35	580	612	0.894736842105263
CBM18.hmm	38	C3G|C3G_21566	459	1.2e-09	2	36	419	451	0.894736842105263
CBM18.hmm	38	C3G|C3G_21578	285	1.5e-07	2	36	181	215	0.894736842105263
CBM18.hmm	38	C3G|C3G_21578	285	6.6e-09	1	36	245	278	0.921052631578947
CBM18.hmm	38	C3G|C3G_21578	285	7.9e-09	1	36	31	66	0.921052631578947
CBM18.hmm	38	C3G|C3G_21578	285	8.3e-09	1	36	115	150	0.921052631578947
CBM18.hmm	38	C3G|C3G_21579	252	1.3e-07	2	36	176	210	0.894736842105263
CBM18.hmm	38	C3G|C3G_21579	252	2.6e-07	11	36	1	28	0.657894736842105
CBM18.hmm	38	C3G|C3G_21579	252	4.5e-08	2	36	59	93	0.894736842105263
CBM18.hmm	38	C3G|C3G_21579	252	4.8e-08	2	36	111	145	0.894736842105263
CBM18.hmm	38	C3G|C3G_21580	201	3.9e-09	1	36	161	194	0.921052631578947
CBM18.hmm	38	C3G|C3G_21580	201	6.3e-09	1	36	31	66	0.921052631578947
CBM18.hmm	38	C3G|C3G_21580	201	9.2e-08	2	36	97	131	0.894736842105263
CBM18.hmm	38	C3G|C3G_21581	170	1.7e-10	2	36	118	152	0.894736842105263
CBM18.hmm	38	C3G|C3G_21581	170	9.1e-10	2	36	4	38	0.894736842105263
CBM18.hmm	38	C3G|C3G_21582	164	1.2e-08	7	36	1	30	0.763157894736842
CBM18.hmm	38	C3G|C3G_21582	164	2e-08	2	36	110	144	0.894736842105263
CBM18.hmm	38	C3G|C3G_21583	170	1.4e-08	7	36	1	30	0.763157894736842
CBM18.hmm	38	C3G|C3G_21583	170	9.7e-10	2	36	110	144	0.894736842105263
CBM18.hmm	38	C3G|C3G_21946	102	6.6e-11	2	36	6	40	0.894736842105263
CBM18.hmm	38	C3G|C3G_21946	102	8e-12	1	36	63	98	0.921052631578947
CBM18.hmm	38	C3G|C3G_22666	444	8.3e-06	14	36	406	434	0.578947368421053
CBM18.hmm	38	C3G|C3G_22712	112	9.7e-11	1	36	49	82	0.921052631578947
CBM18.hmm	38	C3G|C3G_22714	100	6.5e-12	2	36	22	54	0.894736842105263
CBM18.hmm	38	C3G|C3G_22715	105	7.2e-12	2	36	22	54	0.894736842105263
CBM18.hmm	38	C3G|C3G_2272	453	1.9e-09	2	35	413	445	0.868421052631579
CBM18.hmm	38	C3G|C3G_22946	138	2.8e-10	2	35	58	89	0.868421052631579
CBM18.hmm	38	C3G|C3G_22948	134	2.5e-10	2	35	58	89	0.868421052631579
CBM18.hmm	38	C3G|C3G_22950	276	5.5e-09	2	36	237	269	0.894736842105263
CBM18.hmm	38	C3G|C3G_22951	276	5.5e-09	2	36	237	269	0.894736842105263
CBM18.hmm	38	C3G|C3G_22993	117	2.1e-07	1	24	93	116	0.605263157894737
CBM18.hmm	38	C3G|C3G_22993	117	2.1e-11	1	36	34	69	0.921052631578947
CBM18.hmm	38	C3G|C3G_22994	152	3.2e-07	1	24	128	151	0.605263157894737
CBM18.hmm	38	C3G|C3G_22994	152	4.1e-11	1	36	69	104	0.921052631578947
CBM18.hmm	38	C3G|C3G_22994	152	5e-12	1	36	5	40	0.921052631578947
CBM18.hmm	38	C3G|C3G_22995	136	1.2e-11	1	36	69	104	0.921052631578947
CBM18.hmm	38	C3G|C3G_22995	136	4.6e-12	1	36	5	40	0.921052631578947
CBM18.hmm	38	C3G|C3G_23081	123	3.4e-08	16	35	1	20	0.5
CBM18.hmm	38	C3G|C3G_23081	123	4.6e-12	1	35	46	78	0.894736842105263
CBM18.hmm	38	C3G|C3G_23081	123	5.8e-05	1	22	104	123	0.552631578947368
CBM18.hmm	38	C3G|C3G_23138	403	3.5e-09	2	36	360	395	0.894736842105263
CBM18.hmm	38	C3G|C3G_23218	108	4e-11	2	36	68	101	0.894736842105263
CBM18.hmm	38	C3G|C3G_23470	315	4.4e-09	2	36	277	310	0.894736842105263
CBM18.hmm	38	C3G|C3G_24386	130	1.8e-13	2	37	5	40	0.921052631578947
CBM18.hmm	38	C3G|C3G_24386	130	3.2e-14	2	36	89	123	0.894736842105263
CBM18.hmm	38	C3G|C3G_24387	215	1.8e-12	1	36	154	189	0.921052631578947
CBM18.hmm	38	C3G|C3G_24387	215	2.5e-12	2	36	89	123	0.894736842105263
CBM18.hmm	38	C3G|C3G_24387	215	4.1e-13	2	37	5	40	0.921052631578947
CBM18.hmm	38	C3G|C3G_24510	156	2.2e-07	2	36	66	100	0.894736842105263
CBM18.hmm	38	C3G|C3G_24510	156	4.9e-07	2	36	114	149	0.894736842105263
CBM18.hmm	38	C3G|C3G_24510	156	7.9e-07	13	36	3	28	0.605263157894737
CBM18.hmm	38	C3G|C3G_24827	124	1.6e-12	1	36	87	122	0.921052631578947
CBM18.hmm	38	C3G|C3G_24827	124	3e-10	7	36	1	30	0.763157894736842
CBM18.hmm	38	C3G|C3G_2513	659	1e-06	2	36	560	593	0.894736842105263
CBM18.hmm	38	C3G|C3G_2513	659	8.5e-08	2	36	618	651	0.894736842105263
CBM18.hmm	38	C3G|C3G_2515	140	1.3e-08	2	36	99	132	0.894736842105263
CBM18.hmm	38	C3G|C3G_2515	140	2.2e-07	2	36	41	74	0.894736842105263
CBM18.hmm	38	C3G|C3G_25766	247	1.4e-07	2	35	171	203	0.868421052631579
CBM18.hmm	38	C3G|C3G_26161	105	1.5e-05	2	35	24	55	0.868421052631579
CBM18.hmm	38	C3G|C3G_26161	105	6.4e-07	2	35	73	104	0.868421052631579
CBM18.hmm	38	C3G|C3G_26162	106	2.6e-08	2	35	25	56	0.868421052631579
CBM18.hmm	38	C3G|C3G_26162	106	6.7e-07	2	35	74	105	0.868421052631579
CBM18.hmm	38	C3G|C3G_26410	157	1e-10	1	36	115	149	0.921052631578947
CBM18.hmm	38	C3G|C3G_26410	157	1e-10	1	36	40	74	0.921052631578947
CBM18.hmm	38	C3G|C3G_26646	267	2.5e-10	2	36	225	260	0.894736842105263
CBM18.hmm	38	C3G|C3G_26651	104	3.8e-06	2	35	64	96	0.868421052631579
CBM18.hmm	38	C3G|C3G_26764	155	2.6e-05	7	34	126	152	0.710526315789474
CBM18.hmm	38	C3G|C3G_26920	382	4.8e-08	1	38	340	378	0.973684210526316
CBM18.hmm	38	C3G|C3G_26920	382	5.7e-09	1	37	20	56	0.947368421052632
CBM18.hmm	38	C3G|C3G_27750	285	0.00015	1	36	215	256	0.921052631578947
CBM18.hmm	38	C3G|C3G_2797	149	4e-07	8	36	1	29	0.736842105263158
CBM18.hmm	38	C3G|C3G_2797	149	5.1e-10	2	36	105	139	0.894736842105263
CBM18.hmm	38	C3G|C3G_2798	105	7.4e-09	2	36	22	56	0.894736842105263
CBM18.hmm	38	C3G|C3G_2799	238	1.8e-05	2	25	213	236	0.605263157894737
CBM18.hmm	38	C3G|C3G_2799	238	7e-09	2	36	97	131	0.894736842105263
CBM18.hmm	38	C3G|C3G_2800	260	1.9e-06	1	36	159	195	0.921052631578947
CBM18.hmm	38	C3G|C3G_2800	260	2.8e-05	2	37	216	253	0.921052631578947
CBM18.hmm	38	C3G|C3G_28118	109	2.3e-10	1	36	20	53	0.921052631578947
CBM18.hmm	38	C3G|C3G_28120	127	1.9e-06	18	36	1	19	0.473684210526316
CBM18.hmm	38	C3G|C3G_28120	127	2.3e-10	1	36	46	79	0.921052631578947
CBM18.hmm	38	C3G|C3G_28120	127	4.6e-05	1	24	106	127	0.605263157894737
CBM18.hmm	38	C3G|C3G_28192	156	0.00032	2	37	111	149	0.921052631578947
CBM18.hmm	38	C3G|C3G_28249	145	1.3e-13	1	37	54	90	0.947368421052632
CBM18.hmm	38	C3G|C3G_28250	145	8.4e-14	1	37	54	90	0.947368421052632
CBM18.hmm	38	C3G|C3G_28251	145	1.2e-13	1	37	54	90	0.947368421052632
CBM18.hmm	38	C3G|C3G_2983	106	2.6e-10	2	36	66	99	0.894736842105263
CBM18.hmm	38	C3G|C3G_2985	107	2.4e-10	2	36	67	100	0.894736842105263
CBM18.hmm	38	C3G|C3G_2986	107	2.4e-10	2	36	67	100	0.894736842105263
CBM18.hmm	38	C3G|C3G_3196	212	1.3e-09	1	35	140	172	0.894736842105263
CBM18.hmm	38	C3G|C3G_3407	180	1.7e-12	1	36	67	102	0.921052631578947
CBM18.hmm	38	C3G|C3G_3407	180	8.2e-13	1	36	140	175	0.921052631578947
CBM18.hmm	38	C3G|C3G_3544	134	3.3e-05	2	35	85	116	0.868421052631579
CBM18.hmm	38	C3G|C3G_3668	426	1.2e-07	1	36	380	419	0.921052631578947
CBM18.hmm	38	C3G|C3G_3668	426	1.4e-10	2	38	340	377	0.947368421052632
CBM18.hmm	38	C3G|C3G_3669	421	1.5e-08	1	36	379	418	0.921052631578947
CBM18.hmm	38	C3G|C3G_3669	421	1.7e-11	1	38	338	376	0.973684210526316
CBM18.hmm	38	C3G|C3G_372	149	1.4e-10	2	36	11	43	0.894736842105263
CBM18.hmm	38	C3G|C3G_372	149	2.4e-11	2	37	110	143	0.921052631578947
CBM18.hmm	38	C3G|C3G_372	149	5.5e-13	1	36	57	92	0.921052631578947
CBM18.hmm	38	C3G|C3G_415	134	1.5e-11	2	36	96	130	0.894736842105263
CBM18.hmm	38	C3G|C3G_4345	513	1.1e-09	2	36	249	283	0.894736842105263
CBM18.hmm	38	C3G|C3G_4345	513	2e-06	2	35	161	192	0.868421052631579
CBM18.hmm	38	C3G|C3G_4345	513	3.2e-09	2	36	48	80	0.894736842105263
CBM18.hmm	38	C3G|C3G_4346	581	1.4e-09	2	36	249	283	0.894736842105263
CBM18.hmm	38	C3G|C3G_4346	581	1.7e-06	2	35	161	192	0.868421052631579
CBM18.hmm	38	C3G|C3G_4346	581	3.1e-09	2	36	48	80	0.894736842105263
CBM18.hmm	38	C3G|C3G_4347	304	1.4e-09	1	35	26	60	0.894736842105263
CBM18.hmm	38	C3G|C3G_446	157	1.2e-07	2	35	117	149	0.868421052631579
CBM18.hmm	38	C3G|C3G_446	157	1.6e-09	2	36	50	83	0.894736842105263
CBM18.hmm	38	C3G|C3G_4665	115	1.4e-08	2	37	76	109	0.921052631578947
CBM18.hmm	38	C3G|C3G_4665	115	7.5e-05	2	35	24	59	0.868421052631579
CBM18.hmm	38	C3G|C3G_4736	122	4.4e-10	2	36	86	119	0.894736842105263
CBM18.hmm	38	C3G|C3G_4738	126	9.3e-09	2	36	86	119	0.894736842105263
CBM18.hmm	38	C3G|C3G_4804	113	0.0001	2	26	91	113	0.631578947368421
CBM18.hmm	38	C3G|C3G_4804	113	2.9e-08	1	36	38	73	0.921052631578947
CBM18.hmm	38	C3G|C3G_4804	113	8.2e-05	19	36	2	21	0.447368421052632
CBM18.hmm	38	C3G|C3G_4912	143	3.1e-08	2	36	70	104	0.894736842105263
CBM18.hmm	38	C3G|C3G_5006	121	3.3e-09	2	36	81	114	0.894736842105263
CBM18.hmm	38	C3G|C3G_5735	132	3.5e-09	1	35	54	87	0.894736842105263
CBM18.hmm	38	C3G|C3G_5735	132	6.1e-05	21	35	1	15	0.368421052631579
CBM18.hmm	38	C3G|C3G_5738	125	2.4e-07	1	35	92	125	0.894736842105263
CBM18.hmm	38	C3G|C3G_5738	125	5.3e-07	1	35	33	66	0.894736842105263
CBM18.hmm	38	C3G|C3G_5739	215	0.00014	21	35	1	15	0.368421052631579
CBM18.hmm	38	C3G|C3G_5739	215	1e-07	1	35	123	156	0.894736842105263
CBM18.hmm	38	C3G|C3G_5739	215	3.1e-08	1	35	54	87	0.894736842105263
CBM18.hmm	38	C3G|C3G_5739	215	4.3e-07	1	35	182	215	0.894736842105263
CBM18.hmm	38	C3G|C3G_5741	140	3.3e-09	2	35	25	56	0.868421052631579
CBM18.hmm	38	C3G|C3G_5741	140	3.8e-08	2	35	74	105	0.868421052631579
CBM18.hmm	38	C3G|C3G_5743	146	0.00056	21	35	1	15	0.368421052631579
CBM18.hmm	38	C3G|C3G_5743	146	3.1e-07	1	35	113	146	0.894736842105263
CBM18.hmm	38	C3G|C3G_5743	146	7.8e-08	1	35	54	87	0.894736842105263
CBM18.hmm	38	C3G|C3G_5745	197	1.3e-08	2	36	124	157	0.894736842105263
CBM18.hmm	38	C3G|C3G_6931	119	2.9e-09	2	35	79	111	0.868421052631579
CBM18.hmm	38	C3G|C3G_6933	119	6.8e-07	2	35	79	111	0.868421052631579
CBM18.hmm	38	C3G|C3G_7116	103	1.5e-14	1	37	48	84	0.947368421052632
CBM18.hmm	38	C3G|C3G_7278	597	1e-08	1	36	553	588	0.921052631578947
CBM18.hmm	38	C3G|C3G_7278	597	2.4e-10	1	36	455	490	0.921052631578947
CBM18.hmm	38	C3G|C3G_7278	597	5.3e-09	1	35	406	440	0.894736842105263
CBM18.hmm	38	C3G|C3G_7278	597	6.9e-08	1	34	506	540	0.868421052631579
CBM18.hmm	38	C3G|C3G_7660	141	1.4e-09	1	36	75	109	0.921052631578947
CBM18.hmm	38	C3G|C3G_7660	141	1.4e-09	1	36	8	42	0.921052631578947
CBM18.hmm	38	C3G|C3G_7661	106	5.1e-09	1	33	75	106	0.842105263157895
CBM18.hmm	38	C3G|C3G_7661	106	8.6e-10	1	36	8	42	0.921052631578947
CBM18.hmm	38	C3G|C3G_7910	183	2.8e-06	1	35	93	127	0.894736842105263
CBM18.hmm	38	C3G|C3G_8044	470	7.7e-10	1	36	430	463	0.921052631578947
CBM18.hmm	38	C3G|C3G_8188	266	3.2e-08	2	36	190	221	0.894736842105263
CBM18.hmm	38	C3G|C3G_8798	139	6.3e-10	2	36	49	81	0.894736842105263
CBM18.hmm	38	C3G|C3G_8800	175	3.6e-09	2	36	45	77	0.894736842105263
CBM18.hmm	38	C3G|C3G_8800	175	7.3e-11	2	36	140	172	0.894736842105263
CBM18.hmm	38	C3G|C3G_8802	135	2.3e-10	2	36	45	77	0.894736842105263
CBM18.hmm	38	C3G|C3G_9264	248	1.2e-09	1	36	182	215	0.921052631578947
CBM18.hmm	38	C3G|C3G_9265	321	1.4e-09	2	36	256	288	0.894736842105263
CBM18.hmm	38	C3G|C3G_9393	225	1.2e-10	1	36	35	70	0.921052631578947
CBM18.hmm	38	C3G|C3G_9393	225	1.4e-10	1	36	127	162	0.921052631578947
CBM18.hmm	38	C3G|C3G_9440	232	1.7e-06	2	36	190	225	0.894736842105263
CBM18.hmm	38	C3G|C3G_9440	232	6.7e-09	2	36	127	161	0.894736842105263
CBM18.hmm	38	C3G|C3G_9480	456	1.2e-09	2	36	91	123	0.894736842105263
CBM18.hmm	38	C3G|C3G_9806	121	4.2e-08	1	36	80	114	0.921052631578947
CBM18.hmm	38	C3G|C3G_9806	121	7e-08	10	35	11	37	0.657894736842105
CBM2.hmm	101	C3G|C3G_17182	763	1.4e-05	17	96	469	546	0.782178217821782
CBM2.hmm	101	C3G|C3G_17183	793	1.5e-05	17	96	499	576	0.782178217821782
CBM2.hmm	101	C3G|C3G_17187	762	1.4e-05	17	96	468	545	0.782178217821782
CBM2.hmm	101	C3G|C3G_18726	514	6.6e-09	5	90	30	120	0.841584158415842
CBM2.hmm	101	C3G|C3G_21068	197	2.2e-07	7	86	71	153	0.782178217821782
CBM2.hmm	101	C3G|C3G_21069	197	2.2e-07	7	86	71	153	0.782178217821782
CBM2.hmm	101	C3G|C3G_9411	519	3e-07	6	93	31	123	0.861386138613861
CBM20.hmm	90	C3G|C3G_19468	125	0.0001	15	74	14	74	0.655555555555556
CBM20.hmm	90	C3G|C3G_20037	161	0.00033	32	82	40	96	0.555555555555556
CBM20.hmm	90	C3G|C3G_20041	123	0.00016	32	82	40	96	0.555555555555556
CBM20.hmm	90	C3G|C3G_21057	116	0.00077	14	66	20	69	0.577777777777778
CBM20.hmm	90	C3G|C3G_3480	118	2.6e-05	9	87	10	77	0.866666666666667
CBM20.hmm	90	C3G|C3G_7798	126	3e-05	35	83	48	93	0.533333333333333
CBM20.hmm	90	C3G|C3G_9554	165	3.1e-06	24	84	36	93	0.666666666666667
CBM20.hmm	90	C3G|C3G_9555	165	3.1e-06	24	84	36	93	0.666666666666667
CBM21.hmm	107	C3G|C3G_10556	653	4.3e-19	18	106	161	274	0.822429906542056
CBM21.hmm	107	C3G|C3G_1499	967	3.4e-27	6	107	413	530	0.94392523364486
CBM21.hmm	107	C3G|C3G_1500	790	3.7e-23	14	107	239	353	0.869158878504673
CBM21.hmm	107	C3G|C3G_15136	286	1.5e-07	3	103	20	129	0.934579439252336
CBM21.hmm	107	C3G|C3G_16011	669	2.5e-15	13	107	327	506	0.878504672897196
CBM21.hmm	107	C3G|C3G_26171	243	2.2e-08	21	106	157	238	0.794392523364486
CBM21.hmm	107	C3G|C3G_26171	243	6.4e-08	15	107	32	124	0.85981308411215
CBM21.hmm	107	C3G|C3G_3385	277	3.3e-26	3	106	85	198	0.962616822429907
CBM22.hmm	131	C3G|C3G_23352	399	4e-32	3	130	157	284	0.969465648854962
CBM22.hmm	131	C3G|C3G_9407	809	1.2e-32	3	130	558	687	0.969465648854962
CBM22.hmm	131	C3G|C3G_9409	796	1.2e-32	3	130	558	687	0.969465648854962
CBM25.hmm	78	C3G|C3G_18301	663	1.7e-19	1	76	579	648	0.961538461538462
CBM25.hmm	78	C3G|C3G_22410	295	2.1e-17	6	77	206	275	0.91025641025641
CBM25.hmm	78	C3G|C3G_2532	331	1.7e-19	2	69	268	331	0.858974358974359
CBM25.hmm	78	C3G|C3G_7017	592	9.1e-15	2	77	490	569	0.961538461538462
CBM26.hmm	75	C3G|C3G_17119	318	4.1e-16	1	67	167	233	0.88
CBM26.hmm	75	C3G|C3G_18301	663	3.2e-17	1	70	482	552	0.92
CBM26.hmm	75	C3G|C3G_18436	454	2e-17	2	71	212	282	0.92
CBM26.hmm	75	C3G|C3G_19074	694	6.8e-14	1	66	272	337	0.866666666666667
CBM26.hmm	75	C3G|C3G_22410	295	1.6e-10	1	68	91	164	0.893333333333333
CBM26.hmm	75	C3G|C3G_2532	331	5.2e-20	1	70	61	131	0.92
CBM26.hmm	75	C3G|C3G_2532	331	5.9e-19	1	68	161	229	0.893333333333333
CBM26.hmm	75	C3G|C3G_7200	1290	3.5e-15	1	68	233	299	0.893333333333333
CBM29.hmm	144	C3G|C3G_14346	266	2.8e-56	2	143	126	261	0.979166666666667
CBM29.hmm	144	C3G|C3G_14346	266	2e-30	35	143	1	106	0.75
CBM29.hmm	144	C3G|C3G_3596	524	3.4e-06	15	121	416	523	0.736111111111111
CBM29.hmm	144	C3G|C3G_3597	496	1.2e-10	6	130	227	357	0.861111111111111
CBM29.hmm	144	C3G|C3G_3597	496	7.3e-15	5	138	41	178	0.923611111111111
CBM29.hmm	144	C3G|C3G_6585	246	6e-06	59	140	5	88	0.5625
CBM29.hmm	144	C3G|C3G_6585	246	8.8e-09	18	135	125	242	0.8125
CBM29.hmm	144	C3G|C3G_6588	329	4.8e-10	35	140	146	249	0.729166666666667
CBM29.hmm	144	C3G|C3G_6589	690	3.7e-10	5	140	473	610	0.9375
CBM29.hmm	144	C3G|C3G_6589	690	9.1e-06	4	124	309	432	0.833333333333333
CBM32.hmm	124	C3G|C3G_21476	181	6.9e-05	14	67	32	92	0.42741935483871
CBM35.hmm	123	C3G|C3G_10801	472	2.3e-10	48	122	2	70	0.601626016260163
CBM35.hmm	123	C3G|C3G_10802	472	2.3e-10	48	122	2	70	0.601626016260163
CBM35.hmm	123	C3G|C3G_10804	472	2.3e-10	48	122	2	70	0.601626016260163
CBM35.hmm	123	C3G|C3G_10805	288	1e-10	48	122	2	70	0.601626016260163
CBM35.hmm	123	C3G|C3G_7858	183	4.9e-21	2	121	62	180	0.967479674796748
CBM36.hmm	115	C3G|C3G_18311	100	0.00047	23	68	13	58	0.391304347826087
CBM37.hmm	62	C3G|C3G_5646	172	0.00021	5	38	7	41	0.532258064516129
CBM40.hmm	179	C3G|C3G_8416	1612	2.4e-05	93	175	1236	1313	0.458100558659218
CBM40.hmm	179	C3G|C3G_8424	1618	2.5e-05	93	175	1236	1313	0.458100558659218
CBM48.hmm	76	C3G|C3G_12297	269	2.9e-11	3	58	62	134	0.723684210526316
CBM48.hmm	76	C3G|C3G_12298	269	2.9e-11	3	58	62	134	0.723684210526316
CBM48.hmm	76	C3G|C3G_12665	172	0.00023	15	60	8	63	0.592105263157895
CBM48.hmm	76	C3G|C3G_15531	708	2.2e-06	3	45	85	137	0.552631578947368
CBM48.hmm	76	C3G|C3G_27868	384	5.4e-07	3	48	99	154	0.592105263157895
CBM48.hmm	76	C3G|C3G_27869	194	1.7e-07	3	48	99	154	0.592105263157895
CBM48.hmm	76	C3G|C3G_7307	104	1.3e-06	17	72	14	82	0.723684210526316
CBM48.hmm	76	C3G|C3G_8139	604	2.7e-06	2	61	37	165	0.776315789473684
CBM48.hmm	76	C3G|C3G_8141	623	2.8e-06	2	61	37	165	0.776315789473684
CBM48.hmm	76	C3G|C3G_8143	749	3.9e-06	2	61	37	164	0.776315789473684
CBM5.hmm	40	C3G|C3G_6872	130	0.00049	7	29	31	54	0.55
CBM50.hmm	40	C3G|C3G_1320	266	4.5e-06	1	39	30	72	0.95
CBM50.hmm	40	C3G|C3G_23811	163	1.8e-06	1	27	94	120	0.65
CBM50.hmm	40	C3G|C3G_25802	309	2.5e-09	1	39	43	85	0.95
CBM52.hmm	52	C3G|C3G_16111	122	8.4e-13	1	50	36	80	0.942307692307692
CBM52.hmm	52	C3G|C3G_22187	448	1.2e-05	30	50	49	69	0.384615384615385
CBM52.hmm	52	C3G|C3G_22187	448	1.6e-12	2	50	92	135	0.923076923076923
CBM52.hmm	52	C3G|C3G_22187	448	5.8e-07	29	51	23	45	0.423076923076923
CBM52.hmm	52	C3G|C3G_7443	471	2.6e-12	2	50	8	51	0.923076923076923
CBM6.hmm	138	C3G|C3G_10494	352	2.6e-08	44	137	258	351	0.673913043478261
CBM6.hmm	138	C3G|C3G_10497	423	3.6e-08	44	137	329	422	0.673913043478261
CBM6.hmm	138	C3G|C3G_11074	382	1.8e-12	19	136	173	280	0.847826086956522
CBM6.hmm	138	C3G|C3G_15422	562	1e-14	32	138	391	490	0.768115942028985
CBM6.hmm	138	C3G|C3G_15424	541	9.5e-15	32	138	391	490	0.768115942028985
CBM6.hmm	138	C3G|C3G_17722	436	1.4e-18	20	137	55	165	0.847826086956522
CBM6.hmm	138	C3G|C3G_17740	392	1.2e-18	20	137	55	165	0.847826086956522
CBM6.hmm	138	C3G|C3G_21077	565	1.2e-07	47	137	473	563	0.652173913043478
CBM6.hmm	138	C3G|C3G_26914	534	1.4e-14	25	138	38	140	0.818840579710145
CBM6.hmm	138	C3G|C3G_4428	218	4.5e-13	18	136	97	205	0.855072463768116
CBM6.hmm	138	C3G|C3G_588	332	8.8e-18	18	136	215	326	0.855072463768116
CBM6.hmm	138	C3G|C3G_9665	172	1.7e-17	41	138	13	106	0.702898550724638
CBM60.hmm	108	C3G|C3G_1196	115	0.00081	50	93	21	62	0.398148148148148
CBM60.hmm	108	C3G|C3G_20451	241	0.00064	16	57	45	86	0.37962962962963
CBM60.hmm	108	C3G|C3G_9563	156	0.00027	27	83	4	59	0.518518518518518
CBM61.hmm	141	C3G|C3G_17145	535	1.1e-36	1	141	393	531	0.99290780141844
CBM61.hmm	141	C3G|C3G_4453	454	1.4e-10	3	141	124	290	0.978723404255319
CBM63.hmm	78	C3G|C3G_13870	128	5.1e-22	2	71	50	121	0.884615384615385
CBM63.hmm	78	C3G|C3G_15849	566	2e-05	7	71	453	532	0.82051282051282
CBM63.hmm	78	C3G|C3G_18961	302	1.2e-18	2	71	57	127	0.884615384615385
CBM63.hmm	78	C3G|C3G_22919	353	1.9e-18	2	72	187	259	0.897435897435897
CBM63.hmm	78	C3G|C3G_22920	410	1.1e-18	2	70	187	257	0.871794871794872
CBM63.hmm	78	C3G|C3G_22921	351	1.8e-18	2	72	185	257	0.897435897435897
CBM63.hmm	78	C3G|C3G_239	579	9.2e-07	2	70	460	542	0.871794871794872
CBM63.hmm	78	C3G|C3G_240	580	1.7e-05	5	70	463	543	0.833333333333333
CBM63.hmm	78	C3G|C3G_242	176	1.9e-06	5	70	59	139	0.833333333333333
CBM63.hmm	78	C3G|C3G_25286	142	1.2e-06	5	63	69	142	0.743589743589744
CBM63.hmm	78	C3G|C3G_3435	379	1.4e-12	4	70	196	262	0.846153846153846
CBM66.hmm	155	C3G|C3G_12134	904	8.6e-35	2	154	81	248	0.980645161290323
CBM67.hmm	176	C3G|C3G_25983	811	1.7e-23	1	147	63	218	0.829545454545455
CE1.hmm	227	C3G|C3G_11931	322	3.3e-06	29	128	19	109	0.436123348017621
CE1.hmm	227	C3G|C3G_12335	188	2.6e-11	5	111	89	187	0.466960352422908
CE1.hmm	227	C3G|C3G_1244	100	3.8e-12	51	136	2	96	0.374449339207048
CE1.hmm	227	C3G|C3G_12549	129	1.5e-17	103	216	1	116	0.497797356828194
CE1.hmm	227	C3G|C3G_13808	296	2.7e-09	91	209	82	256	0.519823788546256
CE1.hmm	227	C3G|C3G_1451	402	1.6e-23	8	142	54	179	0.590308370044053
CE1.hmm	227	C3G|C3G_14789	460	1.2e-19	79	222	3	148	0.629955947136564
CE1.hmm	227	C3G|C3G_14789	460	4e-37	1	222	217	452	0.973568281938326
CE1.hmm	227	C3G|C3G_14917	183	5.9e-38	1	137	33	183	0.599118942731278
CE1.hmm	227	C3G|C3G_15908	281	9.3e-20	13	161	1	176	0.651982378854626
CE1.hmm	227	C3G|C3G_1937	164	0.00012	6	89	81	157	0.365638766519824
CE1.hmm	227	C3G|C3G_1939	186	1.8e-11	6	117	81	184	0.488986784140969
CE1.hmm	227	C3G|C3G_20418	130	9.9e-07	16	123	8	119	0.47136563876652
CE1.hmm	227	C3G|C3G_20861	548	2.2e-31	7	222	309	540	0.947136563876652
CE1.hmm	227	C3G|C3G_20864	548	2.9e-31	7	222	309	540	0.947136563876652
CE1.hmm	227	C3G|C3G_21365	176	1.3e-25	78	215	17	158	0.60352422907489
CE1.hmm	227	C3G|C3G_21391	175	8.5e-16	94	208	1	119	0.502202643171806
CE1.hmm	227	C3G|C3G_21416	286	1.7e-29	6	193	91	283	0.823788546255507
CE1.hmm	227	C3G|C3G_2250	281	2.3e-11	24	210	45	244	0.819383259911894
CE1.hmm	227	C3G|C3G_22776	342	6e-14	7	141	119	249	0.590308370044053
CE1.hmm	227	C3G|C3G_2281	288	1e-31	1	218	39	276	0.955947136563877
CE1.hmm	227	C3G|C3G_2282	288	1e-31	1	218	39	276	0.955947136563877
CE1.hmm	227	C3G|C3G_2283	288	1e-31	1	218	39	276	0.955947136563877
CE1.hmm	227	C3G|C3G_24794	232	1.1e-24	37	221	2	201	0.81057268722467
CE1.hmm	227	C3G|C3G_24877	187	1.4e-21	58	221	2	169	0.718061674008811
CE1.hmm	227	C3G|C3G_26272	272	1.5e-35	1	210	46	270	0.920704845814978
CE1.hmm	227	C3G|C3G_26662	330	5.4e-42	1	213	95	313	0.933920704845815
CE1.hmm	227	C3G|C3G_27130	240	7.5e-24	1	114	110	237	0.497797356828194
CE1.hmm	227	C3G|C3G_27131	127	4.6e-23	6	115	2	125	0.480176211453745
CE1.hmm	227	C3G|C3G_3370	328	1e-39	1	221	84	319	0.969162995594714
CE1.hmm	227	C3G|C3G_4310	528	3.1e-37	8	221	252	481	0.938325991189427
CE1.hmm	227	C3G|C3G_4312	557	1.7e-38	4	220	236	468	0.951541850220264
CE1.hmm	227	C3G|C3G_4314	471	1.2e-37	8	210	252	470	0.889867841409692
CE1.hmm	227	C3G|C3G_4315	569	8.3e-39	8	220	252	480	0.933920704845815
CE1.hmm	227	C3G|C3G_4317	553	3.8e-37	8	221	252	481	0.938325991189427
CE1.hmm	227	C3G|C3G_4887	363	5.2e-40	1	222	122	355	0.973568281938326
CE1.hmm	227	C3G|C3G_5014	260	1.2e-36	9	221	3	232	0.933920704845815
CE1.hmm	227	C3G|C3G_5461	341	7.3e-06	96	178	219	310	0.361233480176211
CE1.hmm	227	C3G|C3G_7172	486	1.1e-19	13	197	208	414	0.81057268722467
CE1.hmm	227	C3G|C3G_7267	338	1.6e-20	8	135	93	219	0.559471365638767
CE1.hmm	227	C3G|C3G_8751	113	6e-06	26	131	4	99	0.462555066079295
CE1.hmm	227	C3G|C3G_8923	860	2.5e-14	12	212	620	839	0.881057268722467
CE1.hmm	227	C3G|C3G_8924	806	2.2e-14	12	212	566	785	0.881057268722467
CE1.hmm	227	C3G|C3G_9308	393	2.5e-06	25	140	102	217	0.506607929515419
CE1.hmm	227	C3G|C3G_9362	430	3.7e-13	5	137	194	318	0.581497797356828
CE1.hmm	227	C3G|C3G_9363	430	2.7e-13	5	140	194	321	0.594713656387665
CE1.hmm	227	C3G|C3G_9364	430	2.9e-13	5	139	194	320	0.590308370044053
CE1.hmm	227	C3G|C3G_9595	199	1.7e-38	1	138	42	193	0.60352422907489
CE10.hmm	341	C3G|C3G_10274	745	6.4e-19	38	315	457	726	0.812316715542522
CE10.hmm	341	C3G|C3G_10407	198	5.9e-14	147	309	3	172	0.475073313782991
CE10.hmm	341	C3G|C3G_10409	342	2.5e-29	66	309	70	316	0.712609970674487
CE10.hmm	341	C3G|C3G_1057	423	8.9e-32	13	204	70	276	0.560117302052786
CE10.hmm	341	C3G|C3G_1223	202	2.1e-27	81	215	39	174	0.392961876832845
CE10.hmm	341	C3G|C3G_12299	309	8.3e-28	73	308	40	280	0.689149560117302
CE10.hmm	341	C3G|C3G_13262	266	3.7e-26	94	208	3	127	0.334310850439883
CE10.hmm	341	C3G|C3G_13273	322	5.2e-20	90	310	11	227	0.645161290322581
CE10.hmm	341	C3G|C3G_13578	505	9.5e-33	41	189	43	198	0.434017595307918
CE10.hmm	341	C3G|C3G_13579	497	9.1e-33	41	189	43	198	0.434017595307918
CE10.hmm	341	C3G|C3G_15770	157	1.5e-33	66	189	27	151	0.360703812316716
CE10.hmm	341	C3G|C3G_15798	232	3.1e-22	116	242	10	141	0.36950146627566
CE10.hmm	341	C3G|C3G_16474	194	2.2e-36	45	206	19	193	0.472140762463343
CE10.hmm	341	C3G|C3G_17383	381	4.1e-12	62	193	119	292	0.3841642228739
CE10.hmm	341	C3G|C3G_17384	381	4.1e-12	62	193	119	292	0.3841642228739
CE10.hmm	341	C3G|C3G_18719	316	2.2e-33	91	333	70	311	0.709677419354839
CE10.hmm	341	C3G|C3G_18972	136	4e-12	139	253	1	124	0.334310850439883
CE10.hmm	341	C3G|C3G_19459	148	8.7e-09	196	331	2	140	0.395894428152493
CE10.hmm	341	C3G|C3G_21092	321	4.5e-31	66	308	55	296	0.709677419354839
CE10.hmm	341	C3G|C3G_21947	377	1.5e-32	49	226	78	263	0.519061583577713
CE10.hmm	341	C3G|C3G_22698	668	1.6e-32	72	242	156	403	0.498533724340176
CE10.hmm	341	C3G|C3G_22699	684	1.7e-32	72	241	156	402	0.495601173020528
CE10.hmm	341	C3G|C3G_24013	321	3.2e-35	58	334	41	316	0.809384164222874
CE10.hmm	341	C3G|C3G_28339	226	6.7e-36	79	190	6	118	0.325513196480938
CE10.hmm	341	C3G|C3G_3550	294	2.9e-33	64	213	43	202	0.436950146627566
CE10.hmm	341	C3G|C3G_3822	334	2.6e-06	36	156	191	313	0.351906158357771
CE10.hmm	341	C3G|C3G_3823	158	5.2e-07	38	157	17	138	0.348973607038123
CE10.hmm	341	C3G|C3G_3824	599	9.1e-06	36	156	456	578	0.351906158357771
CE10.hmm	341	C3G|C3G_4520	201	1.1e-22	144	334	4	196	0.557184750733138
CE10.hmm	341	C3G|C3G_500	314	1.2e-30	74	216	38	194	0.416422287390029
CE10.hmm	341	C3G|C3G_501	205	7.2e-30	80	208	48	186	0.375366568914956
CE10.hmm	341	C3G|C3G_5852	158	1e-06	69	200	26	155	0.3841642228739
CE10.hmm	341	C3G|C3G_6	312	2.9e-36	83	334	60	307	0.736070381231672
CE10.hmm	341	C3G|C3G_6672	506	1.1e-36	75	190	82	207	0.337243401759531
CE10.hmm	341	C3G|C3G_7314	216	6e-20	70	226	51	199	0.457478005865103
CE10.hmm	341	C3G|C3G_7817	311	5.6e-32	59	282	40	271	0.653958944281525
CE10.hmm	341	C3G|C3G_9804	335	5.1e-36	72	271	67	267	0.583577712609971
CE10.hmm	341	C3G|C3G_9805	307	7.7e-35	72	315	41	287	0.712609970674487
CE12.hmm	210	C3G|C3G_10189	185	8.5e-33	61	209	3	157	0.704761904761905
CE12.hmm	210	C3G|C3G_12385	163	1.8e-18	84	210	29	141	0.6
CE12.hmm	210	C3G|C3G_13946	130	1.5e-27	1	83	19	99	0.39047619047619
CE12.hmm	210	C3G|C3G_18661	145	1.2e-09	2	106	23	123	0.495238095238095
CE12.hmm	210	C3G|C3G_22622	234	2.2e-32	1	108	97	222	0.509523809523809
CE12.hmm	210	C3G|C3G_22623	337	1.8e-49	1	171	97	283	0.80952380952381
CE12.hmm	210	C3G|C3G_5596	358	2.5e-49	1	210	98	321	0.995238095238095
CE12.hmm	210	C3G|C3G_5972	394	3.8e-48	1	210	155	368	0.995238095238095
CE12.hmm	210	C3G|C3G_5973	394	3.4e-49	1	210	155	368	0.995238095238095
CE14.hmm	124	C3G|C3G_20732	294	2.1e-11	1	123	75	185	0.983870967741935
CE15.hmm	269	C3G|C3G_16364	495	6.9e-84	1	268	52	376	0.992565055762082
CE16.hmm	267	C3G|C3G_10888	278	2.6e-40	35	266	7	227	0.865168539325843
CE16.hmm	267	C3G|C3G_10889	343	3.4e-42	1	266	49	292	0.99250936329588
CE16.hmm	267	C3G|C3G_1914	390	1.1e-39	1	266	64	321	0.99250936329588
CE16.hmm	267	C3G|C3G_198	328	2.1e-33	1	266	51	307	0.99250936329588
CE16.hmm	267	C3G|C3G_199	229	2.6e-26	95	266	32	208	0.640449438202247
CE16.hmm	267	C3G|C3G_20669	114	7.3e-15	163	266	1	99	0.385767790262172
CE16.hmm	267	C3G|C3G_25912	241	3.1e-38	79	266	5	192	0.700374531835206
CE16.hmm	267	C3G|C3G_28181	227	2.3e-29	100	266	6	169	0.621722846441948
CE16.hmm	267	C3G|C3G_28182	256	1.7e-33	62	266	1	198	0.764044943820225
CE16.hmm	267	C3G|C3G_4558	185	1.7e-34	34	212	6	184	0.666666666666667
CE2.hmm	209	C3G|C3G_16688	100	1.5e-23	81	168	12	99	0.416267942583732
CE2.hmm	209	C3G|C3G_16697	139	1.8e-35	85	209	2	130	0.593301435406699
CE2.hmm	209	C3G|C3G_18880	261	1.9e-21	1	90	149	234	0.425837320574163
CE2.hmm	209	C3G|C3G_18881	393	9.7e-52	1	209	149	374	0.995215311004785
CE2.hmm	209	C3G|C3G_24609	112	2e-23	1	86	14	100	0.406698564593301
CE2.hmm	209	C3G|C3G_26370	184	3.5e-34	1	134	34	183	0.636363636363636
CE3.hmm	194	C3G|C3G_12073	386	7.4e-58	1	194	61	275	0.994845360824742
CE3.hmm	194	C3G|C3G_12074	386	7.4e-58	1	194	61	275	0.994845360824742
CE3.hmm	194	C3G|C3G_16032	439	5.2e-07	5	188	196	389	0.943298969072165
CE3.hmm	194	C3G|C3G_16159	199	4e-07	53	194	46	183	0.72680412371134
CE3.hmm	194	C3G|C3G_6265	187	3.3e-15	132	194	6	68	0.319587628865979
CE3.hmm	194	C3G|C3G_7063	414	2.7e-54	1	192	80	290	0.984536082474227
CE4.hmm	130	C3G|C3G_10302	333	3.6e-26	6	119	38	157	0.869230769230769
CE4.hmm	130	C3G|C3G_10973	397	6.8e-23	5	127	108	240	0.938461538461538
CE4.hmm	130	C3G|C3G_12434	242	7.5e-21	5	124	26	152	0.915384615384615
CE4.hmm	130	C3G|C3G_12482	198	2.9e-18	50	125	10	89	0.576923076923077
CE4.hmm	130	C3G|C3G_12483	191	5e-23	3	86	102	190	0.638461538461538
CE4.hmm	130	C3G|C3G_13340	248	6e-13	7	127	49	172	0.923076923076923
CE4.hmm	130	C3G|C3G_13341	464	2.4e-12	7	127	49	172	0.923076923076923
CE4.hmm	130	C3G|C3G_13342	153	1.3e-08	7	104	49	148	0.746153846153846
CE4.hmm	130	C3G|C3G_1365	300	4.9e-28	6	124	31	155	0.907692307692308
CE4.hmm	130	C3G|C3G_1450	443	3.5e-16	8	107	34	127	0.761538461538461
CE4.hmm	130	C3G|C3G_15514	246	1.6e-15	3	128	42	169	0.961538461538462
CE4.hmm	130	C3G|C3G_16098	128	5.5e-20	34	125	3	100	0.7
CE4.hmm	130	C3G|C3G_17168	143	6.8e-23	34	126	2	102	0.707692307692308
CE4.hmm	130	C3G|C3G_1827	275	1.1e-28	11	125	2	126	0.876923076923077
CE4.hmm	130	C3G|C3G_20169	218	4.1e-11	4	48	174	217	0.338461538461538
CE4.hmm	130	C3G|C3G_20451	241	5.1e-05	81	125	9	54	0.338461538461538
CE4.hmm	130	C3G|C3G_20452	348	9.8e-29	9	125	39	161	0.892307692307692
CE4.hmm	130	C3G|C3G_21093	304	1.5e-29	3	126	94	225	0.946153846153846
CE4.hmm	130	C3G|C3G_22122	372	7.7e-25	8	125	101	249	0.9
CE4.hmm	130	C3G|C3G_22123	372	7.7e-25	8	125	101	249	0.9
CE4.hmm	130	C3G|C3G_22124	372	7.7e-25	8	125	101	249	0.9
CE4.hmm	130	C3G|C3G_22577	171	1.6e-13	54	125	2	72	0.546153846153846
CE4.hmm	130	C3G|C3G_22578	254	4.2e-23	5	125	27	155	0.923076923076923
CE4.hmm	130	C3G|C3G_24004	148	8.3e-05	75	124	2	52	0.376923076923077
CE4.hmm	130	C3G|C3G_24134	313	2.7e-24	8	126	28	162	0.907692307692308
CE4.hmm	130	C3G|C3G_25030	322	1.8e-21	5	124	34	160	0.915384615384615
CE4.hmm	130	C3G|C3G_25122	155	1.4e-21	31	126	1	102	0.730769230769231
CE4.hmm	130	C3G|C3G_25802	309	2e-30	7	125	114	238	0.907692307692308
CE4.hmm	130	C3G|C3G_25803	249	1.2e-30	7	125	54	178	0.907692307692308
CE4.hmm	130	C3G|C3G_2689	103	1.1e-11	52	112	15	89	0.461538461538462
CE4.hmm	130	C3G|C3G_337	135	8.4e-26	6	97	38	134	0.7
CE4.hmm	130	C3G|C3G_4345	513	4.7e-33	3	124	303	432	0.930769230769231
CE4.hmm	130	C3G|C3G_4346	581	6.3e-29	3	125	303	433	0.938461538461538
CE4.hmm	130	C3G|C3G_4347	304	1.4e-29	2	125	85	216	0.946153846153846
CE4.hmm	130	C3G|C3G_4348	253	2.3e-33	4	124	44	172	0.923076923076923
CE4.hmm	130	C3G|C3G_4349	312	5.2e-29	7	124	29	156	0.9
CE4.hmm	130	C3G|C3G_4350	315	1.6e-28	7	124	32	159	0.9
CE4.hmm	130	C3G|C3G_4351	311	2.8e-26	7	124	30	157	0.9
CE4.hmm	130	C3G|C3G_7213	370	1.7e-26	6	122	93	230	0.892307692307692
CE4.hmm	130	C3G|C3G_9095	292	1.9e-27	6	126	26	152	0.923076923076923
CE4.hmm	130	C3G|C3G_9386	194	1.3e-27	22	125	4	115	0.792307692307692
CE6.hmm	99	C3G|C3G_14056	193	4.7e-30	1	94	88	192	0.939393939393939
CE6.hmm	99	C3G|C3G_17906	366	4.9e-27	1	98	89	197	0.97979797979798
CE6.hmm	99	C3G|C3G_18752	166	6.6e-13	1	59	87	159	0.585858585858586
CE6.hmm	99	C3G|C3G_23352	399	8.1e-18	37	98	2	61	0.616161616161616
CE6.hmm	99	C3G|C3G_24933	177	1.6e-19	29	98	8	88	0.696969696969697
CE6.hmm	99	C3G|C3G_3123	548	7.4e-32	1	99	89	198	0.98989898989899
CE6.hmm	99	C3G|C3G_3125	327	1.3e-31	1	99	89	198	0.98989898989899
CE6.hmm	99	C3G|C3G_3126	384	9.8e-31	1	99	81	190	0.98989898989899
CE6.hmm	99	C3G|C3G_3127	392	6.5e-31	1	99	89	198	0.98989898989899
CE8.hmm	288	C3G|C3G_13838	103	2.3e-31	106	199	7	103	0.322916666666667
CE8.hmm	288	C3G|C3G_16571	135	7e-31	2	109	29	132	0.371527777777778
CE8.hmm	288	C3G|C3G_20359	116	1.1e-23	160	270	1	114	0.381944444444444
CE8.hmm	288	C3G|C3G_2732	394	1.8e-79	2	271	20	291	0.934027777777778
CE8.hmm	288	C3G|C3G_2733	351	3.8e-82	2	271	31	301	0.934027777777778
GH1.hmm	429	C3G|C3G_17632	188	2e-61	3	135	42	188	0.307692307692308
GH1.hmm	429	C3G|C3G_17633	240	5.5e-82	3	182	36	231	0.417249417249417
GH1.hmm	429	C3G|C3G_17634	621	9.4e-143	3	422	36	611	0.976689976689977
GH1.hmm	429	C3G|C3G_17636	189	1.6e-60	3	135	42	189	0.307692307692308
GH1.hmm	429	C3G|C3G_17637	622	4.3e-144	3	427	36	617	0.988344988344988
GH1.hmm	429	C3G|C3G_17641	622	3.1e-144	3	422	36	612	0.976689976689977
GH1.hmm	429	C3G|C3G_17642	433	6.4e-79	142	426	1	427	0.662004662004662
GH1.hmm	429	C3G|C3G_17643	433	1.6e-78	142	427	1	428	0.664335664335664
GH10.hmm	303	C3G|C3G_12563	209	1.3e-53	4	185	25	208	0.597359735973597
GH10.hmm	303	C3G|C3G_12654	515	1.2e-69	11	302	108	457	0.96039603960396
GH10.hmm	303	C3G|C3G_13687	173	1.7e-22	185	302	2	123	0.386138613861386
GH10.hmm	303	C3G|C3G_16762	315	5.3e-41	10	170	106	314	0.528052805280528
GH10.hmm	303	C3G|C3G_2807	292	1.2e-57	118	302	1	195	0.607260726072607
GH10.hmm	303	C3G|C3G_2808	558	7.3e-93	4	302	74	379	0.983498349834984
GH10.hmm	303	C3G|C3G_2809	475	4.2e-91	4	302	74	378	0.983498349834984
GH10.hmm	303	C3G|C3G_3596	524	7.1e-76	9	302	62	371	0.966996699669967
GH10.hmm	303	C3G|C3G_36	138	2e-36	32	148	16	136	0.382838283828383
GH10.hmm	303	C3G|C3G_37	157	2.8e-40	5	148	10	155	0.471947194719472
GH10.hmm	303	C3G|C3G_38	157	2.9e-40	5	148	10	155	0.471947194719472
GH10.hmm	303	C3G|C3G_4778	134	4.3e-38	170	302	2	132	0.435643564356436
GH10.hmm	303	C3G|C3G_4780	185	2.9e-49	145	302	1	156	0.518151815181518
GH10.hmm	303	C3G|C3G_666	230	6.7e-66	8	205	28	229	0.65016501650165
GH10.hmm	303	C3G|C3G_6883	106	1.3e-37	107	205	1	105	0.323432343234323
GH10.hmm	303	C3G|C3G_8937	471	5.6e-81	7	302	121	466	0.973597359735974
GH10.hmm	303	C3G|C3G_9298	192	6.7e-44	9	159	37	191	0.495049504950495
GH109.hmm	126	C3G|C3G_11015	360	5.6e-12	4	113	19	132	0.865079365079365
GH109.hmm	126	C3G|C3G_5069	367	6.2e-05	69	120	65	116	0.404761904761905
GH109.hmm	126	C3G|C3G_5070	375	6.3e-05	69	120	73	124	0.404761904761905
GH11.hmm	177	C3G|C3G_10004	143	2e-30	84	169	4	90	0.480225988700565
GH11.hmm	177	C3G|C3G_10005	126	1.4e-30	84	169	4	90	0.480225988700565
GH11.hmm	177	C3G|C3G_12719	122	1.3e-26	3	88	22	118	0.480225988700565
GH11.hmm	177	C3G|C3G_13198	127	8.5e-16	2	72	47	127	0.395480225988701
GH11.hmm	177	C3G|C3G_13426	117	1.6e-29	15	117	2	117	0.576271186440678
GH11.hmm	177	C3G|C3G_14307	334	1.5e-59	1	177	46	241	0.994350282485876
GH11.hmm	177	C3G|C3G_17747	295	1.5e-62	2	177	93	277	0.988700564971751
GH11.hmm	177	C3G|C3G_21098	274	1.9e-38	3	173	44	220	0.96045197740113
GH11.hmm	177	C3G|C3G_23875	142	3.1e-29	36	159	4	140	0.694915254237288
GH11.hmm	177	C3G|C3G_25950	117	9.1e-28	103	173	2	71	0.395480225988701
GH11.hmm	177	C3G|C3G_25951	104	1.5e-21	117	173	2	58	0.31638418079096
GH11.hmm	177	C3G|C3G_26902	260	2.8e-46	3	172	49	225	0.954802259887006
GH11.hmm	177	C3G|C3G_28166	271	2.1e-61	1	172	43	227	0.966101694915254
GH11.hmm	177	C3G|C3G_28168	271	2.1e-61	1	172	43	227	0.966101694915254
GH11.hmm	177	C3G|C3G_28170	271	3e-61	1	172	43	227	0.966101694915254
GH11.hmm	177	C3G|C3G_4332	166	1.1e-47	47	172	6	137	0.706214689265537
GH11.hmm	177	C3G|C3G_4333	144	2.4e-26	103	172	2	71	0.389830508474576
GH11.hmm	177	C3G|C3G_4334	148	1.4e-26	103	172	2	71	0.389830508474576
GH11.hmm	177	C3G|C3G_5381	103	8e-28	16	103	2	103	0.491525423728814
GH11.hmm	177	C3G|C3G_9589	119	2.2e-08	3	57	48	109	0.305084745762712
GH114.hmm	190	C3G|C3G_11881	163	2.5e-30	1	126	31	162	0.657894736842105
GH114.hmm	190	C3G|C3G_14266	179	6.4e-49	52	190	1	139	0.726315789473684
GH114.hmm	190	C3G|C3G_16183	105	6e-14	1	61	30	90	0.315789473684211
GH114.hmm	190	C3G|C3G_19227	151	1.6e-31	1	115	15	131	0.6
GH114.hmm	190	C3G|C3G_21135	316	1.5e-57	1	190	30	226	0.994736842105263
GH114.hmm	190	C3G|C3G_22647	296	8.4e-36	44	190	1	154	0.768421052631579
GH114.hmm	190	C3G|C3G_22648	296	1.8e-50	19	190	2	178	0.9
GH114.hmm	190	C3G|C3G_24676	133	1.1e-32	15	137	3	132	0.642105263157895
GH114.hmm	190	C3G|C3G_25491	230	3.7e-31	88	190	5	112	0.536842105263158
GH114.hmm	190	C3G|C3G_25680	393	5.3e-48	1	188	34	234	0.984210526315789
GH114.hmm	190	C3G|C3G_25684	376	4.8e-48	1	188	34	234	0.984210526315789
GH114.hmm	190	C3G|C3G_25709	116	8e-32	16	123	3	115	0.563157894736842
GH114.hmm	190	C3G|C3G_2987	205	3.1e-18	129	190	1	62	0.321052631578947
GH114.hmm	190	C3G|C3G_2990	192	1.5e-34	84	190	5	115	0.557894736842105
GH114.hmm	190	C3G|C3G_2991	171	2.4e-30	1	132	31	169	0.689473684210526
GH114.hmm	190	C3G|C3G_3406	176	9e-36	1	140	31	176	0.731578947368421
GH114.hmm	190	C3G|C3G_7802	104	4.9e-33	98	190	1	97	0.484210526315789
GH114.hmm	190	C3G|C3G_9390	415	1.1e-50	10	190	16	201	0.947368421052632
GH114.hmm	190	C3G|C3G_9391	444	1.3e-50	10	190	45	230	0.947368421052632
GH114.hmm	190	C3G|C3G_9988	216	4e-34	11	169	41	208	0.831578947368421
GH115.hmm	697	C3G|C3G_23685	1124	5.6e-174	9	675	122	892	0.955523672883788
GH120.hmm	91	C3G|C3G_26024	688	6.4e-34	1	91	298	388	0.989010989010989
GH120.hmm	91	C3G|C3G_26026	688	6.4e-34	1	91	298	388	0.989010989010989
GH120.hmm	91	C3G|C3G_26028	688	6.4e-34	1	91	298	388	0.989010989010989
GH124.hmm	332	C3G|C3G_18726	514	5.2e-64	125	332	143	358	0.623493975903614
GH124.hmm	332	C3G|C3G_9411	519	2.5e-64	136	332	154	358	0.590361445783133
GH13.hmm	299	C3G|C3G_15531	708	5.3e-24	21	257	231	499	0.789297658862876
GH13.hmm	299	C3G|C3G_15532	224	4.5e-06	144	255	3	151	0.37123745819398
GH13.hmm	299	C3G|C3G_18301	663	2.6e-30	14	275	46	324	0.872909698996655
GH13.hmm	299	C3G|C3G_18435	494	2.7e-22	81	291	2	329	0.702341137123746
GH13.hmm	299	C3G|C3G_1900	260	1.7e-27	13	189	44	234	0.588628762541806
GH13.hmm	299	C3G|C3G_27868	384	3.1e-22	19	161	243	382	0.474916387959866
GH13.hmm	299	C3G|C3G_3142	224	1.7e-07	89	255	24	205	0.555183946488294
GH13.hmm	299	C3G|C3G_3143	238	9.6e-14	66	254	2	218	0.62876254180602
GH13.hmm	299	C3G|C3G_8139	604	5.8e-41	22	292	273	601	0.903010033444816
GH13.hmm	299	C3G|C3G_8141	623	2.1e-41	22	296	273	605	0.916387959866221
GH13.hmm	299	C3G|C3G_8143	749	3.4e-41	22	296	273	605	0.916387959866221
GH133.hmm	372	C3G|C3G_18566	565	1.1e-133	9	372	69	547	0.975806451612903
GH16.hmm	189	C3G|C3G_10717	275	5.2e-26	2	188	76	268	0.984126984126984
GH16.hmm	189	C3G|C3G_12186	132	4.3e-26	12	105	5	128	0.492063492063492
GH16.hmm	189	C3G|C3G_12187	208	3.1e-28	3	105	63	204	0.53968253968254
GH16.hmm	189	C3G|C3G_21638	259	4.4e-31	10	186	64	251	0.931216931216931
GH16.hmm	189	C3G|C3G_21639	112	2e-18	96	186	1	104	0.476190476190476
GH16.hmm	189	C3G|C3G_21878	158	8.3e-31	3	116	3	153	0.597883597883598
GH16.hmm	189	C3G|C3G_22020	291	1e-20	12	176	38	235	0.867724867724868
GH16.hmm	189	C3G|C3G_22021	257	9.4e-22	12	176	38	235	0.867724867724868
GH16.hmm	189	C3G|C3G_22022	274	2.7e-22	12	176	38	235	0.867724867724868
GH16.hmm	189	C3G|C3G_22187	448	3.1e-49	3	189	180	444	0.984126984126984
GH16.hmm	189	C3G|C3G_24319	176	4.1e-32	71	189	1	164	0.624338624338624
GH16.hmm	189	C3G|C3G_24320	168	3.6e-32	71	189	1	164	0.624338624338624
GH18.hmm	296	C3G|C3G_2292	457	1.9e-80	3	286	32	392	0.956081081081081
GH18.hmm	296	C3G|C3G_27141	226	1.1e-46	109	289	1	219	0.608108108108108
GH18.hmm	296	C3G|C3G_27143	181	4.1e-35	152	289	1	174	0.462837837837838
GH18.hmm	296	C3G|C3G_3546	176	5.6e-33	104	230	6	168	0.425675675675676
GH18.hmm	296	C3G|C3G_5242	421	2.3e-85	4	284	37	409	0.945945945945946
GH18.hmm	296	C3G|C3G_7567	188	3.1e-06	64	159	8	172	0.320945945945946
GH2.hmm	752	C3G|C3G_8416	1612	1e-184	20	750	69	986	0.970744680851064
GH2.hmm	752	C3G|C3G_8424	1618	1e-184	20	750	69	986	0.970744680851064
GH2.hmm	752	C3G|C3G_8431	1610	5.3e-186	25	750	75	986	0.964095744680851
GH2.hmm	752	C3G|C3G_8433	1616	5.3e-186	25	750	75	986	0.964095744680851
GH20.hmm	337	C3G|C3G_12978	402	3.3e-07	190	336	8	169	0.433234421364985
GH20.hmm	337	C3G|C3G_12983	342	2.3e-07	190	336	8	169	0.433234421364985
GH20.hmm	337	C3G|C3G_26431	239	1.6e-34	9	221	40	230	0.629080118694362
GH20.hmm	337	C3G|C3G_26432	326	4.3e-34	9	221	127	317	0.629080118694362
GH22.hmm	122	C3G|C3G_24480	153	0.00092	39	76	98	134	0.30327868852459
GH22.hmm	122	C3G|C3G_9325	106	5.3e-43	23	122	1	103	0.811475409836066
GH24.hmm	137	C3G|C3G_19218	162	2.1e-18	18	123	13	136	0.766423357664234
GH24.hmm	137	C3G|C3G_26818	118	3.3e-12	10	97	8	114	0.635036496350365
GH24.hmm	137	C3G|C3G_9558	229	1.1e-24	7	137	2	134	0.948905109489051
GH24.hmm	137	C3G|C3G_9559	301	2.3e-26	2	137	69	206	0.985401459854015
GH25.hmm	177	C3G|C3G_12752	372	8.9e-33	1	177	171	358	0.994350282485876
GH25.hmm	177	C3G|C3G_12754	372	8.9e-33	1	177	171	358	0.994350282485876
GH25.hmm	177	C3G|C3G_12756	372	8.9e-33	1	177	171	358	0.994350282485876
GH25.hmm	177	C3G|C3G_12758	372	8.9e-33	1	177	171	358	0.994350282485876
GH25.hmm	177	C3G|C3G_12760	372	8.9e-33	1	177	171	358	0.994350282485876
GH26.hmm	303	C3G|C3G_10801	472	1.4e-93	1	303	89	390	0.996699669966997
GH26.hmm	303	C3G|C3G_10802	472	1.4e-93	1	303	89	390	0.996699669966997
GH26.hmm	303	C3G|C3G_10804	472	1.4e-93	1	303	89	390	0.996699669966997
GH26.hmm	303	C3G|C3G_25704	367	9.1e-30	127	268	156	308	0.465346534653465
GH26.hmm	303	C3G|C3G_25705	370	9.8e-30	127	268	159	311	0.465346534653465
GH3.hmm	216	C3G|C3G_15731	169	6.6e-55	34	192	3	163	0.731481481481482
GH3.hmm	216	C3G|C3G_16237	364	1.5e-51	23	186	163	363	0.75462962962963
GH3.hmm	216	C3G|C3G_16238	381	2.1e-56	23	193	164	370	0.787037037037037
GH3.hmm	216	C3G|C3G_17555	854	4e-58	23	216	582	814	0.893518518518518
GH3.hmm	216	C3G|C3G_17556	857	4.4e-59	23	216	585	817	0.893518518518518
GH3.hmm	216	C3G|C3G_17557	1188	1.1e-59	15	216	2	199	0.930555555555556
GH3.hmm	216	C3G|C3G_17565	1170	1.1e-59	15	216	2	199	0.930555555555556
GH3.hmm	216	C3G|C3G_17569	1188	1.1e-59	15	216	2	199	0.930555555555556
GH3.hmm	216	C3G|C3G_17576	1170	1.1e-59	15	216	2	199	0.930555555555556
GH3.hmm	216	C3G|C3G_17582	791	5.7e-60	15	216	2	199	0.930555555555556
GH3.hmm	216	C3G|C3G_17585	535	6.9e-63	6	216	65	271	0.972222222222222
GH3.hmm	216	C3G|C3G_17587	822	7.2e-64	4	216	63	271	0.981481481481482
GH3.hmm	216	C3G|C3G_17590	822	7.2e-64	4	216	63	271	0.981481481481482
GH3.hmm	216	C3G|C3G_17593	739	5.9e-64	4	216	63	271	0.981481481481482
GH3.hmm	216	C3G|C3G_17598	484	1e-62	4	215	68	272	0.976851851851852
GH3.hmm	216	C3G|C3G_20248	327	1.3e-21	135	216	2	90	0.375
GH3.hmm	216	C3G|C3G_24991	316	3.9e-15	19	86	248	316	0.310185185185185
GH3.hmm	216	C3G|C3G_3410	101	1.9e-25	45	124	5	85	0.365740740740741
GH3.hmm	216	C3G|C3G_3512	211	1.2e-42	56	216	2	171	0.740740740740741
GH3.hmm	216	C3G|C3G_4817	134	4.2e-25	121	216	3	101	0.439814814814815
GH3.hmm	216	C3G|C3G_8437	328	5.1e-57	11	215	27	287	0.944444444444444
GH3.hmm	216	C3G|C3G_8440	328	5.1e-57	11	215	27	287	0.944444444444444
GH30.hmm	417	C3G|C3G_1178	558	3.9e-79	27	416	92	552	0.932853717026379
GH30.hmm	417	C3G|C3G_1180	558	3.1e-79	27	416	92	552	0.932853717026379
GH30.hmm	417	C3G|C3G_8262	186	3.9e-31	70	226	1	180	0.37410071942446
GH31.hmm	427	C3G|C3G_14467	325	1.5e-64	87	287	3	325	0.468384074941452
GH31.hmm	427	C3G|C3G_16975	454	3.2e-132	44	427	4	440	0.896955503512881
GH31.hmm	427	C3G|C3G_16977	294	8.8e-81	68	308	1	294	0.562060889929742
GH31.hmm	427	C3G|C3G_19587	998	7.3e-162	3	427	408	852	0.992974238875878
GH31.hmm	427	C3G|C3G_23967	171	1.6e-59	260	426	1	167	0.388758782201405
GH31.hmm	427	C3G|C3G_7200	1290	1.3e-149	2	427	688	1166	0.995316159250585
GH31.hmm	427	C3G|C3G_9681	322	1e-67	243	427	1	189	0.430913348946136
GH32.hmm	293	C3G|C3G_12134	904	2.7e-65	1	286	376	679	0.972696245733788
GH32.hmm	293	C3G|C3G_12293	165	4.8e-09	69	171	19	124	0.348122866894198
GH38.hmm	269	C3G|C3G_10444	308	3.2e-81	1	244	48	290	0.903345724907063
GH38.hmm	269	C3G|C3G_10447	734	7.8e-84	1	260	48	306	0.962825278810409
GH39.hmm	431	C3G|C3G_17390	706	2.3e-22	115	267	123	252	0.352668213457077
GH4.hmm	179	C3G|C3G_11913	191	9.1e-06	40	110	116	187	0.391061452513966
GH4.hmm	179	C3G|C3G_3212	409	0.00011	47	110	288	351	0.35195530726257
GH4.hmm	179	C3G|C3G_3217	242	4.4e-05	47	111	121	185	0.357541899441341
GH43.hmm	248	C3G|C3G_10494	352	3.8e-11	139	244	41	176	0.423387096774194
GH43.hmm	248	C3G|C3G_10496	109	8.2e-21	44	137	1	98	0.375
GH43.hmm	248	C3G|C3G_10497	423	6.6e-33	44	244	1	247	0.806451612903226
GH43.hmm	248	C3G|C3G_11074	382	6.5e-17	124	246	13	148	0.491935483870968
GH43.hmm	248	C3G|C3G_11767	328	2e-42	3	246	7	316	0.979838709677419
GH43.hmm	248	C3G|C3G_11770	328	2e-42	3	246	7	316	0.979838709677419
GH43.hmm	248	C3G|C3G_12291	475	1.3e-21	13	181	75	279	0.67741935483871
GH43.hmm	248	C3G|C3G_12292	330	3.7e-10	70	181	5	134	0.44758064516129
GH43.hmm	248	C3G|C3G_1528	109	4.2e-19	150	247	1	99	0.391129032258065
GH43.hmm	248	C3G|C3G_1529	414	1.8e-57	3	247	121	407	0.983870967741935
GH43.hmm	248	C3G|C3G_1530	417	4.1e-56	3	247	121	407	0.983870967741935
GH43.hmm	248	C3G|C3G_1532	106	3.5e-18	150	247	1	99	0.391129032258065
GH43.hmm	248	C3G|C3G_15422	562	1.1e-52	3	245	39	355	0.975806451612903
GH43.hmm	248	C3G|C3G_15424	541	9.8e-53	3	245	39	355	0.975806451612903
GH43.hmm	248	C3G|C3G_15425	206	1.9e-31	3	123	39	199	0.483870967741935
GH43.hmm	248	C3G|C3G_16033	629	1.5e-47	11	247	171	514	0.951612903225806
GH43.hmm	248	C3G|C3G_17145	535	6.9e-25	18	212	97	332	0.782258064516129
GH43.hmm	248	C3G|C3G_17745	324	3.2e-49	3	223	41	319	0.887096774193548
GH43.hmm	248	C3G|C3G_20541	109	1.1e-17	125	222	2	107	0.391129032258065
GH43.hmm	248	C3G|C3G_20542	109	3.1e-16	125	222	2	107	0.391129032258065
GH43.hmm	248	C3G|C3G_21077	565	3.7e-38	3	245	89	388	0.975806451612903
GH43.hmm	248	C3G|C3G_23461	180	2.1e-24	2	99	42	165	0.391129032258065
GH43.hmm	248	C3G|C3G_25368	131	2.5e-25	2	96	12	131	0.379032258064516
GH43.hmm	248	C3G|C3G_26914	534	6.1e-18	8	191	231	421	0.737903225806452
GH43.hmm	248	C3G|C3G_3345	111	2.6e-12	3	90	9	111	0.350806451612903
GH43.hmm	248	C3G|C3G_3586	572	7.3e-21	12	179	220	419	0.673387096774194
GH43.hmm	248	C3G|C3G_5002	180	2.3e-22	3	107	38	174	0.419354838709677
GH43.hmm	248	C3G|C3G_588	332	6.4e-27	103	245	20	190	0.57258064516129
GH43.hmm	248	C3G|C3G_9407	809	1.4e-49	2	247	25	294	0.987903225806452
GH43.hmm	248	C3G|C3G_9409	796	1.3e-49	2	247	25	294	0.987903225806452
GH45.hmm	198	C3G|C3G_10643	130	2.7e-57	77	197	7	127	0.606060606060606
GH45.hmm	198	C3G|C3G_12930	103	1.4e-36	107	197	1	93	0.454545454545455
GH45.hmm	198	C3G|C3G_12931	150	2.9e-62	55	197	2	146	0.717171717171717
GH45.hmm	198	C3G|C3G_12932	482	3e-80	1	197	269	472	0.98989898989899
GH45.hmm	198	C3G|C3G_13866	203	9.3e-47	1	129	76	203	0.646464646464647
GH45.hmm	198	C3G|C3G_16195	119	4.7e-44	87	197	2	113	0.555555555555556
GH45.hmm	198	C3G|C3G_16248	313	1.8e-89	1	197	97	300	0.98989898989899
GH45.hmm	198	C3G|C3G_1941	253	7.2e-33	1	75	174	248	0.373737373737374
GH45.hmm	198	C3G|C3G_20210	119	2.1e-50	87	197	3	113	0.555555555555556
GH45.hmm	198	C3G|C3G_2181	181	2.6e-78	24	197	2	177	0.873737373737374
GH45.hmm	198	C3G|C3G_22295	176	9e-66	39	197	2	166	0.797979797979798
GH45.hmm	198	C3G|C3G_23550	300	2.1e-84	1	197	96	295	0.98989898989899
GH45.hmm	198	C3G|C3G_23552	358	3.4e-85	1	197	155	353	0.98989898989899
GH45.hmm	198	C3G|C3G_24512	304	8.5e-43	1	103	198	304	0.515151515151515
GH45.hmm	198	C3G|C3G_4536	256	2.3e-29	1	69	188	256	0.343434343434343
GH47.hmm	446	C3G|C3G_26607	564	3.7e-139	1	444	78	510	0.993273542600897
GH47.hmm	446	C3G|C3G_26608	563	3.7e-139	1	444	77	509	0.993273542600897
GH47.hmm	446	C3G|C3G_26609	525	2.9e-139	1	444	39	471	0.993273542600897
GH47.hmm	446	C3G|C3G_26610	553	3.5e-139	1	444	67	499	0.993273542600897
GH47.hmm	446	C3G|C3G_26611	563	3.7e-139	1	444	77	509	0.993273542600897
GH47.hmm	446	C3G|C3G_26612	568	3.8e-139	1	444	82	514	0.993273542600897
GH47.hmm	446	C3G|C3G_26613	525	2.9e-139	1	444	39	471	0.993273542600897
GH47.hmm	446	C3G|C3G_26614	564	3.7e-139	1	444	78	510	0.993273542600897
GH47.hmm	446	C3G|C3G_8617	369	1.7e-88	1	304	68	364	0.679372197309417
GH47.hmm	446	C3G|C3G_8618	617	4.4e-131	1	446	68	487	0.997757847533632
GH47.hmm	446	C3G|C3G_8619	287	5.1e-70	1	208	68	274	0.464125560538117
GH48.hmm	617	C3G|C3G_16073	192	1.8e-63	391	580	1	192	0.306320907617504
GH48.hmm	617	C3G|C3G_17712	965	2.3e-263	1	615	30	649	0.995137763371151
GH48.hmm	617	C3G|C3G_17716	952	4.4e-263	1	615	30	649	0.995137763371151
GH48.hmm	617	C3G|C3G_17727	768	1.1e-263	1	615	30	649	0.995137763371151
GH48.hmm	617	C3G|C3G_17732	753	2.1e-263	1	615	30	649	0.995137763371151
GH48.hmm	617	C3G|C3G_18844	398	1e-56	5	393	37	394	0.628849270664506
GH48.hmm	617	C3G|C3G_20098	381	1.2e-52	402	616	8	227	0.346839546191248
GH48.hmm	617	C3G|C3G_20099	336	8.6e-53	402	616	8	227	0.346839546191248
GH5.hmm	275	C3G|C3G_10325	600	3.7e-62	2	240	255	571	0.865454545454545
GH5.hmm	275	C3G|C3G_12369	118	1.3e-24	34	130	2	116	0.349090909090909
GH5.hmm	275	C3G|C3G_15387	411	2.4e-20	95	241	23	235	0.530909090909091
GH5.hmm	275	C3G|C3G_15389	445	3e-20	95	241	23	235	0.530909090909091
GH5.hmm	275	C3G|C3G_15390	577	1.6e-27	37	238	59	362	0.730909090909091
GH5.hmm	275	C3G|C3G_1718	457	3.6e-40	8	243	35	329	0.854545454545454
GH5.hmm	275	C3G|C3G_1719	512	2.6e-40	7	243	103	399	0.858181818181818
GH5.hmm	275	C3G|C3G_1721	442	3.3e-40	8	243	35	329	0.854545454545454
GH5.hmm	275	C3G|C3G_1723	527	2.8e-40	7	243	103	399	0.858181818181818
GH5.hmm	275	C3G|C3G_17601	482	2.2e-41	15	238	97	389	0.810909090909091
GH5.hmm	275	C3G|C3G_17602	521	2.6e-41	15	239	106	399	0.814545454545455
GH5.hmm	275	C3G|C3G_17603	512	2.5e-41	15	239	97	390	0.814545454545455
GH5.hmm	275	C3G|C3G_17604	313	2.1e-37	23	211	59	310	0.683636363636364
GH5.hmm	275	C3G|C3G_17605	313	6.9e-37	23	211	59	310	0.683636363636364
GH5.hmm	275	C3G|C3G_19715	476	1.3e-40	15	235	52	347	0.8
GH5.hmm	275	C3G|C3G_19718	473	1.3e-40	15	235	52	347	0.8
GH5.hmm	275	C3G|C3G_22150	403	2e-32	7	235	35	351	0.829090909090909
GH5.hmm	275	C3G|C3G_23427	276	5.5e-36	16	204	14	271	0.683636363636364
GH5.hmm	275	C3G|C3G_24583	164	7e-21	38	172	3	160	0.487272727272727
GH5.hmm	275	C3G|C3G_27161	136	8.2e-22	2	111	2	136	0.396363636363636
GH5.hmm	275	C3G|C3G_9199	442	3e-42	11	244	22	313	0.847272727272727
GH5.hmm	275	C3G|C3G_953	210	2.4e-11	150	233	3	126	0.301818181818182
GH53.hmm	342	C3G|C3G_12605	457	3.6e-17	14	304	82	428	0.847953216374269
GH53.hmm	342	C3G|C3G_21119	478	2.4e-110	1	340	62	426	0.991228070175439
GH6.hmm	294	C3G|C3G_16320	438	2.1e-85	7	289	124	398	0.959183673469388
GH6.hmm	294	C3G|C3G_17595	818	7e-78	11	288	352	642	0.942176870748299
GH6.hmm	294	C3G|C3G_17712	965	2.3e-39	9	161	807	965	0.517006802721088
GH6.hmm	294	C3G|C3G_17716	952	2.3e-39	9	161	794	952	0.517006802721088
GH6.hmm	294	C3G|C3G_17742	193	5.8e-48	155	290	1	153	0.459183673469388
GH6.hmm	294	C3G|C3G_17743	167	1.1e-34	184	290	4	127	0.360544217687075
GH6.hmm	294	C3G|C3G_17744	167	1.1e-34	184	290	4	127	0.360544217687075
GH6.hmm	294	C3G|C3G_22456	487	2.3e-72	12	282	152	444	0.918367346938776
GH6.hmm	294	C3G|C3G_22721	275	1.8e-46	10	206	79	274	0.666666666666667
GH6.hmm	294	C3G|C3G_6706	409	1.6e-80	8	288	57	328	0.952380952380952
GH6.hmm	294	C3G|C3G_6707	375	2.1e-80	9	288	64	334	0.948979591836735
GH6.hmm	294	C3G|C3G_6708	369	1.1e-80	8	288	57	328	0.952380952380952
GH6.hmm	294	C3G|C3G_6709	415	1.2e-79	9	288	64	334	0.948979591836735
GH6.hmm	294	C3G|C3G_7165	458	5.1e-89	9	289	148	418	0.952380952380952
GH6.hmm	294	C3G|C3G_852	284	3e-83	29	289	2	252	0.884353741496599
GH6.hmm	294	C3G|C3G_9526	161	4.4e-44	149	289	3	156	0.476190476190476
GH64.hmm	367	C3G|C3G_7443	471	1.6e-95	4	366	105	468	0.986376021798365
GH67.hmm	669	C3G|C3G_11947	587	1e-236	133	661	40	571	0.789237668161435
GH74.hmm	233	C3G|C3G_24394	750	1.7e-08	41	118	416	490	0.330472103004292
GH74.hmm	233	C3G|C3G_24394	750	2.2e-17	9	117	23	132	0.463519313304721
GH74.hmm	233	C3G|C3G_24394	750	7.7e-11	83	171	147	233	0.377682403433476
GH74.hmm	233	C3G|C3G_24394	750	9e-17	47	138	549	645	0.390557939914163
GH74.hmm	233	C3G|C3G_24395	809	1.2e-16	47	138	608	704	0.390557939914163
GH74.hmm	233	C3G|C3G_24395	809	1.4e-07	39	110	558	623	0.304721030042918
GH74.hmm	233	C3G|C3G_24395	809	1.5e-08	42	116	476	547	0.317596566523605
GH74.hmm	233	C3G|C3G_24395	809	2.3e-17	9	117	82	191	0.463519313304721
GH74.hmm	233	C3G|C3G_24395	809	8.8e-11	83	171	206	292	0.377682403433476
GH74.hmm	233	C3G|C3G_8961	1226	5.5e-07	41	140	526	641	0.424892703862661
GH74.hmm	233	C3G|C3G_8962	924	1.4e-07	39	140	222	339	0.433476394849785
GH74.hmm	233	C3G|C3G_8964	924	1.4e-07	39	140	222	339	0.433476394849785
GH74.hmm	233	C3G|C3G_8965	924	1.4e-07	39	140	222	339	0.433476394849785
GH74.hmm	233	C3G|C3G_8966	924	1.4e-07	39	140	222	339	0.433476394849785
GH74.hmm	233	C3G|C3G_8967	1170	1.2e-05	40	110	162	225	0.300429184549356
GH74.hmm	233	C3G|C3G_8967	1170	7.6e-08	47	140	434	585	0.399141630901288
GH78.hmm	504	C3G|C3G_25983	811	1.5e-123	3	502	256	790	0.990079365079365
GH8.hmm	320	C3G|C3G_23513	588	9.1e-73	18	319	128	441	0.940625
GH9.hmm	418	C3G|C3G_11941	512	2.2e-114	1	418	22	444	0.997607655502392
GH9.hmm	418	C3G|C3G_16448	164	1.6e-29	244	383	16	164	0.332535885167464
GH9.hmm	418	C3G|C3G_17182	763	4.3e-121	8	418	3	431	0.980861244019139
GH9.hmm	418	C3G|C3G_17183	793	1.2e-117	1	418	25	461	0.997607655502392
GH9.hmm	418	C3G|C3G_17184	783	1.1e-117	1	418	25	456	0.997607655502392
GH9.hmm	418	C3G|C3G_17186	752	3e-116	1	418	40	471	0.997607655502392
GH9.hmm	418	C3G|C3G_17187	762	7.9e-122	8	418	3	430	0.980861244019139
GH9.hmm	418	C3G|C3G_17188	739	8.6e-118	1	418	25	456	0.997607655502392
GH9.hmm	418	C3G|C3G_17189	800	2.2e-119	1	418	40	471	0.997607655502392
GH9.hmm	418	C3G|C3G_17191	783	1.1e-117	1	418	25	456	0.997607655502392
GH9.hmm	418	C3G|C3G_17193	736	8.7e-120	1	418	24	455	0.997607655502392
GH9.hmm	418	C3G|C3G_17195	170	1.2e-46	90	236	1	156	0.349282296650718
GH9.hmm	418	C3G|C3G_22298	164	1.8e-35	118	260	3	154	0.339712918660287
GH9.hmm	418	C3G|C3G_4624	772	3.6e-112	1	418	186	616	0.997607655502392
GH9.hmm	418	C3G|C3G_4627	593	6.6e-113	1	418	7	437	0.997607655502392
GH9.hmm	418	C3G|C3G_7251	145	5.7e-46	14	153	1	145	0.332535885167464
GH95.hmm	722	C3G|C3G_18748	1059	1.7e-288	3	716	271	999	0.987534626038781
GH95.hmm	722	C3G|C3G_27367	288	1.4e-96	118	400	1	288	0.390581717451524
GT1.hmm	382	C3G|C3G_15760	181	1e-34	230	364	13	159	0.350785340314136
GT1.hmm	382	C3G|C3G_25605	408	4.1e-31	222	379	217	399	0.410994764397906
GT10.hmm	347	C3G|C3G_20493	514	5.7e-67	73	332	226	485	0.746397694524496
GT12.hmm	134	C3G|C3G_553	341	0.0001	53	107	83	139	0.402985074626866
GT12.hmm	134	C3G|C3G_554	372	0.00012	54	107	115	170	0.395522388059701
GT15.hmm	273	C3G|C3G_22032	166	3e-54	151	271	1	120	0.43956043956044
GT15.hmm	273	C3G|C3G_22033	119	1e-44	151	256	1	105	0.384615384615385
GT15.hmm	273	C3G|C3G_22034	120	1.1e-44	151	256	1	105	0.384615384615385
GT17.hmm	284	C3G|C3G_14854	888	8.3e-30	13	250	223	491	0.834507042253521
GT17.hmm	284	C3G|C3G_14855	888	8.3e-30	13	250	223	491	0.834507042253521
GT17.hmm	284	C3G|C3G_14857	888	8.3e-30	13	250	223	491	0.834507042253521
GT17.hmm	284	C3G|C3G_14858	714	5e-30	13	250	49	317	0.834507042253521
GT17.hmm	284	C3G|C3G_14859	687	4.3e-30	13	250	223	491	0.834507042253521
GT17.hmm	284	C3G|C3G_14860	513	3.3e-30	13	250	49	317	0.834507042253521
GT17.hmm	284	C3G|C3G_16542	533	4.5e-12	148	265	297	426	0.411971830985915
GT17.hmm	284	C3G|C3G_16542	533	5.2e-32	17	148	8	145	0.461267605633803
GT17.hmm	284	C3G|C3G_16544	803	6.7e-12	148	264	567	695	0.408450704225352
GT17.hmm	284	C3G|C3G_16544	803	8.2e-32	17	148	278	415	0.461267605633803
GT17.hmm	284	C3G|C3G_26154	167	6.1e-33	16	148	17	155	0.464788732394366
GT17.hmm	284	C3G|C3G_28349	719	6.6e-30	16	148	233	370	0.464788732394366
GT17.hmm	284	C3G|C3G_5404	114	3.1e-16	56	148	1	99	0.323943661971831
GT2.hmm	168	C3G|C3G_10175	122	1.7e-25	1	111	13	121	0.654761904761905
GT2.hmm	168	C3G|C3G_13771	313	9.4e-15	79	162	10	94	0.494047619047619
GT2.hmm	168	C3G|C3G_1508	833	2.5e-09	2	167	161	396	0.982142857142857
GT2.hmm	168	C3G|C3G_15662	171	4.8e-13	54	124	1	72	0.416666666666667
GT2.hmm	168	C3G|C3G_18453	300	6.8e-29	1	128	37	162	0.755952380952381
GT2.hmm	168	C3G|C3G_20239	238	1.2e-43	2	168	6	175	0.988095238095238
GT2.hmm	168	C3G|C3G_20240	214	7.9e-37	26	168	9	151	0.845238095238095
GT2.hmm	168	C3G|C3G_25064	122	1e-24	17	124	1	106	0.636904761904762
GT2.hmm	168	C3G|C3G_25065	206	3.8e-24	17	125	1	107	0.642857142857143
GT2.hmm	168	C3G|C3G_25206	158	2e-23	1	105	43	147	0.619047619047619
GT2.hmm	168	C3G|C3G_26511	612	5.8e-07	3	138	77	228	0.803571428571429
GT2.hmm	168	C3G|C3G_27003	471	7.7e-30	1	166	218	376	0.982142857142857
GT2.hmm	168	C3G|C3G_3827	749	6.3e-15	73	164	553	645	0.541666666666667
GT2.hmm	168	C3G|C3G_3828	766	7.1e-15	74	164	571	662	0.535714285714286
GT2.hmm	168	C3G|C3G_3829	1190	1.5e-13	77	164	646	734	0.517857142857143
GT2.hmm	168	C3G|C3G_3830	340	3.9e-16	78	164	45	132	0.511904761904762
GT2.hmm	168	C3G|C3G_5221	121	3.5e-09	79	134	63	118	0.327380952380952
GT20.hmm	475	C3G|C3G_10923	576	9.4e-74	279	473	2	193	0.408421052631579
GT20.hmm	475	C3G|C3G_11094	849	1.4e-201	8	475	49	516	0.983157894736842
GT20.hmm	475	C3G|C3G_13054	369	2.3e-79	33	256	138	368	0.469473684210526
GT20.hmm	475	C3G|C3G_13055	318	1.6e-58	33	202	138	315	0.355789473684211
GT20.hmm	475	C3G|C3G_22343	295	3.7e-120	46	338	2	294	0.614736842105263
GT20.hmm	475	C3G|C3G_22807	680	6.5e-161	38	473	73	524	0.91578947368421
GT20.hmm	475	C3G|C3G_22808	805	1.1e-160	39	473	74	524	0.913684210526316
GT20.hmm	475	C3G|C3G_5059	802	2.9e-169	12	474	10	516	0.972631578947368
GT22.hmm	389	C3G|C3G_15217	553	2e-82	5	358	7	426	0.90745501285347
GT22.hmm	389	C3G|C3G_2734	583	1.7e-91	12	389	2	436	0.969151670951157
GT22.hmm	389	C3G|C3G_2735	450	1.1e-79	2	342	68	448	0.874035989717224
GT22.hmm	389	C3G|C3G_2736	658	4.5e-93	2	389	68	511	0.994858611825193
GT22.hmm	389	C3G|C3G_2998	148	4.6e-06	206	343	11	142	0.352185089974293
GT22.hmm	389	C3G|C3G_2999	333	8.8e-10	1	147	124	296	0.375321336760925
GT22.hmm	389	C3G|C3G_3000	169	4e-07	206	354	11	149	0.380462724935733
GT22.hmm	389	C3G|C3G_3001	422	5.9e-17	1	209	124	394	0.534704370179949
GT22.hmm	389	C3G|C3G_8853	836	8.5e-104	1	389	304	704	0.997429305912596
GT22.hmm	389	C3G|C3G_8855	393	4e-57	139	389	1	261	0.6426735218509
GT24.hmm	248	C3G|C3G_13416	132	2.5e-41	173	248	1	76	0.30241935483871
GT24.hmm	248	C3G|C3G_6492	236	4.5e-36	1	82	154	235	0.326612903225806
GT24.hmm	248	C3G|C3G_6493	236	4.5e-36	1	82	154	235	0.326612903225806
GT28.hmm	157	C3G|C3G_7666	144	8.3e-13	32	123	5	108	0.579617834394904
GT28.hmm	157	C3G|C3G_7667	107	1.2e-12	32	115	5	100	0.528662420382166
GT3.hmm	637	C3G|C3G_11422	767	8.2e-284	1	628	14	701	0.984301412872841
GT3.hmm	637	C3G|C3G_11423	767	5.1e-286	1	628	14	701	0.984301412872841
GT3.hmm	637	C3G|C3G_22421	225	1.1e-115	271	495	1	225	0.351648351648352
GT31.hmm	192	C3G|C3G_5479	475	9.6e-14	60	188	177	295	0.666666666666667
GT32.hmm	90	C3G|C3G_19454	303	5.9e-22	2	87	76	156	0.944444444444444
GT32.hmm	90	C3G|C3G_22529	176	2.2e-14	2	86	97	175	0.933333333333333
GT32.hmm	90	C3G|C3G_22530	333	1e-14	2	89	97	178	0.966666666666667
GT33.hmm	425	C3G|C3G_19246	165	1.1e-72	256	416	1	165	0.376470588235294
GT34.hmm	246	C3G|C3G_11429	269	8.3e-19	21	156	161	269	0.548780487804878
GT34.hmm	246	C3G|C3G_11430	140	1.2e-06	169	244	10	71	0.304878048780488
GT34.hmm	246	C3G|C3G_11431	225	4e-23	52	244	3	156	0.780487804878049
GT34.hmm	246	C3G|C3G_13442	208	2.5e-12	2	93	120	207	0.369918699186992
GT34.hmm	246	C3G|C3G_1345	177	1.9e-12	130	241	29	128	0.451219512195122
GT34.hmm	246	C3G|C3G_15985	529	6.6e-28	3	236	286	481	0.947154471544715
GT34.hmm	246	C3G|C3G_16456	485	4.4e-13	7	216	245	430	0.849593495934959
GT34.hmm	246	C3G|C3G_16458	471	3.8e-13	7	216	231	416	0.849593495934959
GT34.hmm	246	C3G|C3G_27756	366	2.6e-25	19	243	135	318	0.910569105691057
GT34.hmm	246	C3G|C3G_27757	114	1.8e-05	164	243	2	66	0.321138211382114
GT34.hmm	246	C3G|C3G_5200	496	2.8e-25	4	237	257	446	0.947154471544715
GT34.hmm	246	C3G|C3G_5882	454	8.3e-19	20	205	218	385	0.752032520325203
GT34.hmm	246	C3G|C3G_5883	398	7.7e-19	20	205	162	329	0.752032520325203
GT34.hmm	246	C3G|C3G_5885	184	1.2e-12	80	205	9	115	0.508130081300813
GT34.hmm	246	C3G|C3G_5889	182	1.1e-14	80	209	7	133	0.524390243902439
GT34.hmm	246	C3G|C3G_5890	199	1.1e-15	71	205	15	130	0.544715447154472
GT34.hmm	246	C3G|C3G_6311	167	5.8e-10	130	236	33	124	0.430894308943089
GT34.hmm	246	C3G|C3G_8147	108	2e-13	22	110	10	99	0.357723577235772
GT34.hmm	246	C3G|C3G_8148	234	1.1e-12	6	110	125	225	0.422764227642276
GT34.hmm	246	C3G|C3G_8267	146	1.5e-19	75	242	3	129	0.678861788617886
GT34.hmm	246	C3G|C3G_8268	147	1.1e-17	129	242	29	130	0.459349593495935
GT34.hmm	246	C3G|C3G_9297	213	8.9e-15	3	105	104	202	0.414634146341463
GT34.hmm	246	C3G|C3G_9481	290	5.3e-28	4	240	28	218	0.959349593495935
GT34.hmm	246	C3G|C3G_9591	180	1.9e-13	76	207	2	122	0.532520325203252
GT35.hmm	674	C3G|C3G_24037	861	3.2e-284	1	674	135	851	0.998516320474777
GT39.hmm	223	C3G|C3G_10099	784	1.6e-70	2	223	101	340	0.991031390134529
GT39.hmm	223	C3G|C3G_18770	784	2.4e-69	2	223	51	295	0.991031390134529
GT39.hmm	223	C3G|C3G_20082	536	4.1e-20	121	223	1	105	0.457399103139013
GT39.hmm	223	C3G|C3G_20083	451	3.1e-20	121	223	1	105	0.457399103139013
GT39.hmm	223	C3G|C3G_6209	115	9.4e-20	67	155	1	91	0.394618834080717
GT39.hmm	223	C3G|C3G_6210	600	8e-38	67	223	1	159	0.699551569506726
GT39.hmm	223	C3G|C3G_6212	381	3.2e-38	67	223	1	159	0.699551569506726
GT39.hmm	223	C3G|C3G_7779	133	3.4e-29	8	119	1	132	0.497757847533632
GT39.hmm	223	C3G|C3G_8621	153	2.3e-30	2	83	57	153	0.36322869955157
GT39.hmm	223	C3G|C3G_8622	306	1.9e-43	77	223	2	150	0.654708520179372
GT39.hmm	223	C3G|C3G_8625	264	1.3e-43	77	223	2	150	0.654708520179372
GT39.hmm	223	C3G|C3G_8627	594	7.8e-43	77	223	2	150	0.654708520179372
GT39.hmm	223	C3G|C3G_8630	186	4.5e-44	77	223	2	150	0.654708520179372
GT39.hmm	223	C3G|C3G_9131	746	2.7e-72	2	223	62	300	0.991031390134529
GT4.hmm	160	C3G|C3G_10403	296	4.2e-34	6	149	54	236	0.89375
GT4.hmm	160	C3G|C3G_11009	210	2.1e-17	38	134	13	110	0.6
GT4.hmm	160	C3G|C3G_12167	315	3e-28	6	115	193	302	0.68125
GT4.hmm	160	C3G|C3G_12169	442	5.2e-34	6	149	193	334	0.89375
GT4.hmm	160	C3G|C3G_25554	337	9e-34	3	159	105	281	0.975
GT4.hmm	160	C3G|C3G_28194	546	1.3e-06	7	69	478	546	0.3875
GT4.hmm	160	C3G|C3G_28195	715	1.4e-21	8	135	479	609	0.79375
GT4.hmm	160	C3G|C3G_4003	289	9.3e-25	5	150	88	250	0.90625
GT4.hmm	160	C3G|C3G_4004	594	4.9e-24	5	150	393	555	0.90625
GT4.hmm	160	C3G|C3G_4006	289	9.3e-25	5	150	88	250	0.90625
GT4.hmm	160	C3G|C3G_4009	289	9.3e-25	5	150	88	250	0.90625
GT4.hmm	160	C3G|C3G_5188	348	1.8e-20	7	149	109	258	0.8875
GT41.hmm	705	C3G|C3G_1423	510	3.4e-07	85	303	19	260	0.309219858156028
GT41.hmm	705	C3G|C3G_1424	314	9.1e-08	85	303	19	260	0.309219858156028
GT45.hmm	115	C3G|C3G_22344	148	0.00046	52	91	5	44	0.339130434782609
GT45.hmm	115	C3G|C3G_863	132	0.00046	28	88	64	128	0.521739130434783
GT50.hmm	262	C3G|C3G_14097	413	8.6e-89	1	261	128	383	0.99236641221374
GT50.hmm	262	C3G|C3G_14098	413	8.6e-89	1	261	128	383	0.99236641221374
GT58.hmm	364	C3G|C3G_26501	413	3.3e-137	2	364	30	383	0.994505494505495
GT66.hmm	693	C3G|C3G_11425	675	3.6e-162	79	601	1	603	0.753246753246753
GT66.hmm	693	C3G|C3G_11426	651	5.1e-153	106	601	6	579	0.714285714285714
GT71.hmm	264	C3G|C3G_11123	115	1.9e-17	164	249	19	101	0.321969696969697
GT71.hmm	264	C3G|C3G_1917	582	5e-47	1	262	244	492	0.988636363636364
GT71.hmm	264	C3G|C3G_20284	360	1.2e-51	1	239	139	359	0.901515151515151
GT71.hmm	264	C3G|C3G_21033	395	8.9e-52	1	262	67	310	0.988636363636364
GT71.hmm	264	C3G|C3G_27422	209	1.5e-16	164	258	10	107	0.356060606060606
GT71.hmm	264	C3G|C3G_27423	209	1.5e-16	164	258	10	107	0.356060606060606
GT71.hmm	264	C3G|C3G_27424	526	7.3e-50	1	258	179	424	0.973484848484849
GT71.hmm	264	C3G|C3G_27425	209	1.5e-16	164	258	10	107	0.356060606060606
GT71.hmm	264	C3G|C3G_7896	117	2.6e-23	1	103	16	116	0.386363636363636
GT76.hmm	407	C3G|C3G_16408	322	2.6e-74	120	389	2	322	0.660933660933661
GT8.hmm	257	C3G|C3G_1066	199	7.2e-36	29	231	3	198	0.785992217898833
GT8.hmm	257	C3G|C3G_12636	221	2.5e-24	93	246	14	181	0.595330739299611
GT8.hmm	257	C3G|C3G_17378	666	7.7e-45	28	255	4	234	0.883268482490272
GT8.hmm	257	C3G|C3G_24027	376	2.2e-46	28	255	7	237	0.883268482490272
GT8.hmm	257	C3G|C3G_26110	690	4.6e-14	176	255	1	90	0.307392996108949
GT8.hmm	257	C3G|C3G_3263	287	3.6e-33	38	245	30	250	0.805447470817121
GT92.hmm	279	C3G|C3G_17364	225	4.2e-19	12	134	66	188	0.437275985663082
GT92.hmm	279	C3G|C3G_17366	170	2e-18	12	108	66	166	0.344086021505376
GT92.hmm	279	C3G|C3G_17367	229	1.5e-07	80	269	6	214	0.67741935483871
GT92.hmm	279	C3G|C3G_17370	361	2.3e-18	12	269	66	346	0.921146953405018
PL1.hmm	202	C3G|C3G_11263	305	2.7e-44	21	165	155	305	0.712871287128713
PL1.hmm	202	C3G|C3G_12603	385	4.2e-58	31	201	144	320	0.841584158415842
PL1.hmm	202	C3G|C3G_384	430	3.7e-53	22	199	119	339	0.876237623762376
PL1.hmm	202	C3G|C3G_4694	141	8.7e-33	119	201	1	87	0.405940594059406
PL1.hmm	202	C3G|C3G_5440	197	3.1e-14	15	96	122	197	0.400990099009901
PL1.hmm	202	C3G|C3G_7681	153	1.2e-31	118	201	1	88	0.410891089108911
PL1.hmm	202	C3G|C3G_8052	483	2e-28	16	181	57	230	0.816831683168317
PL22.hmm	265	C3G|C3G_5675	394	0.00016	107	191	230	306	0.316981132075472
PL3.hmm	197	C3G|C3G_19208	330	3e-59	2	197	103	307	0.989847715736041
PL4.hmm	567	C3G|C3G_17751	717	1.8e-120	3	555	39	603	0.973544973544973
PL4.hmm	567	C3G|C3G_17752	581	2.9e-105	101	555	1	467	0.800705467372134
PL4.hmm	567	C3G|C3G_17753	640	1.7e-110	55	555	7	526	0.881834215167548
PL4.hmm	567	C3G|C3G_17755	475	2.7e-80	198	554	2	367	0.627865961199294
PL4.hmm	567	C3G|C3G_17757	476	2.6e-78	198	555	2	369	0.62962962962963
PL9.hmm	374	C3G|C3G_18526	1060	1.8e-13	11	139	122	264	0.342245989304813
