AA1.hmm	943	Chytri1|Chytri1_1139688	648	7.9e-65	437	750	78	395	0.331919406150583
AA1.hmm	943	Chytri1|Chytri1_624608	775	6.2e-24	287	681	70	535	0.417815482502651
AA11.hmm	191	Chytri1|Chytri1_1136855	221	7.2e-07	43	181	64	197	0.722513089005236
AA11.hmm	191	Chytri1|Chytri1_1149003	527	9.5e-11	47	150	70	170	0.539267015706806
AA11.hmm	191	Chytri1|Chytri1_1154650	360	3e-08	55	145	79	162	0.471204188481675
AA12.hmm	401	Chytri1|Chytri1_1171796	435	2.1e-56	12	388	9	415	0.937655860349127
AA12.hmm	401	Chytri1|Chytri1_383207	455	3.1e-43	175	398	182	444	0.556109725685786
AA2.hmm	255	Chytri1|Chytri1_1039196	199	3.8e-31	81	253	1	198	0.674509803921569
AA2.hmm	255	Chytri1|Chytri1_1042683	175	1.1e-16	100	253	1	169	0.6
AA2.hmm	255	Chytri1|Chytri1_1046717	259	2e-39	25	254	17	258	0.898039215686275
AA2.hmm	255	Chytri1|Chytri1_1059305	268	1e-66	1	254	4	260	0.992156862745098
AA2.hmm	255	Chytri1|Chytri1_1072363	293	9.8e-41	23	253	24	286	0.901960784313726
AA2.hmm	255	Chytri1|Chytri1_1086057	358	3.7e-44	15	225	42	281	0.823529411764706
AA2.hmm	255	Chytri1|Chytri1_1100857	348	8.6e-63	4	254	79	331	0.980392156862745
AA2.hmm	255	Chytri1|Chytri1_1141334	372	3.7e-32	13	252	50	280	0.937254901960784
AA2.hmm	255	Chytri1|Chytri1_1152700	197	1.7e-07	170	255	14	79	0.333333333333333
AA2.hmm	255	Chytri1|Chytri1_1165234	268	1.7e-67	1	254	4	260	0.992156862745098
AA2.hmm	255	Chytri1|Chytri1_1166262	752	1.3e-10	21	253	481	747	0.909803921568627
AA2.hmm	255	Chytri1|Chytri1_1166262	752	9.4e-14	14	118	102	207	0.407843137254902
AA2.hmm	255	Chytri1|Chytri1_1171443	256	5.1e-24	19	174	97	256	0.607843137254902
AA2.hmm	255	Chytri1|Chytri1_1226139	739	4.3e-06	168	251	294	380	0.325490196078431
AA2.hmm	255	Chytri1|Chytri1_1226139	739	4.8e-21	25	250	449	674	0.882352941176471
AA2.hmm	255	Chytri1|Chytri1_1226139	739	5.1e-24	12	127	64	181	0.450980392156863
AA2.hmm	255	Chytri1|Chytri1_126529	342	1.5e-38	18	253	59	276	0.92156862745098
AA2.hmm	255	Chytri1|Chytri1_664878	683	1e-21	14	115	73	178	0.396078431372549
AA2.hmm	255	Chytri1|Chytri1_664878	683	3.5e-24	14	250	435	670	0.925490196078431
AA3.hmm	618	Chytri1|Chytri1_1116944	717	1.1e-94	81	398	65	713	0.51294498381877
AA3.hmm	618	Chytri1|Chytri1_1166857	676	4.8e-38	175	378	183	674	0.328478964401294
AA3.hmm	618	Chytri1|Chytri1_1183443	443	2.4e-36	153	403	2	437	0.40453074433657
AA5.hmm	1281	Chytri1|Chytri1_1072715	595	7.1e-107	573	1039	12	562	0.363778298204528
AA5.hmm	1281	Chytri1|Chytri1_1170070	627	5.8e-111	559	1035	20	587	0.371584699453552
AA5.hmm	1281	Chytri1|Chytri1_1170082	740	1.9e-108	598	1027	40	555	0.334894613583138
AA6.hmm	195	Chytri1|Chytri1_1086391	200	8e-74	1	195	3	196	0.994871794871795
AA7.hmm	458	Chytri1|Chytri1_1101932	477	4.7e-23	12	207	41	244	0.425764192139738
AA7.hmm	458	Chytri1|Chytri1_1165834	484	2.4e-76	12	455	55	480	0.967248908296943
AA7.hmm	458	Chytri1|Chytri1_1173175	458	1.3e-73	11	229	45	266	0.475982532751092
AA7.hmm	458	Chytri1|Chytri1_178656	495	1.8e-76	14	356	68	414	0.746724890829694
CBM1.hmm	29	Chytri1|Chytri1_1104122	69	6.2e-06	2	15	28	41	0.448275862068966
CBM1.hmm	29	Chytri1|Chytri1_1108666	807	7.5e-11	1	29	775	802	0.96551724137931
CBM1.hmm	29	Chytri1|Chytri1_1117776	294	1.3e-12	2	29	161	188	0.931034482758621
CBM1.hmm	29	Chytri1|Chytri1_1117776	294	1.7e-12	1	29	216	244	0.96551724137931
CBM1.hmm	29	Chytri1|Chytri1_1117776	294	2.6e-11	2	29	260	287	0.931034482758621
CBM1.hmm	29	Chytri1|Chytri1_1117776	294	5.6e-13	1	29	117	145	0.96551724137931
CBM1.hmm	29	Chytri1|Chytri1_1170282	837	9.6e-10	2	29	8	34	0.931034482758621
CBM1.hmm	29	Chytri1|Chytri1_1234878	320	1.1e-11	1	29	288	315	0.96551724137931
CBM1.hmm	29	Chytri1|Chytri1_1234878	320	1.5e-09	2	29	218	244	0.931034482758621
CBM1.hmm	29	Chytri1|Chytri1_1246370	515	1.1e-11	2	29	26	52	0.931034482758621
CBM1.hmm	29	Chytri1|Chytri1_1258162	470	5e-12	2	29	17	43	0.931034482758621
CBM1.hmm	29	Chytri1|Chytri1_169758	139	9.5e-11	1	29	107	134	0.96551724137931
CBM12.hmm	34	Chytri1|Chytri1_1137056	349	3.1e-05	2	22	19	39	0.588235294117647
CBM12.hmm	34	Chytri1|Chytri1_1137361	658	5.4e-05	6	26	201	221	0.588235294117647
CBM12.hmm	34	Chytri1|Chytri1_1233423	548	3.5e-07	1	30	55	84	0.852941176470588
CBM13.hmm	188	Chytri1|Chytri1_1083779	1098	1.2e-09	40	136	500	588	0.51063829787234
CBM13.hmm	188	Chytri1|Chytri1_1083779	1098	1.7e-09	25	152	75	199	0.675531914893617
CBM13.hmm	188	Chytri1|Chytri1_1083779	1098	3.2e-12	22	138	839	950	0.617021276595745
CBM13.hmm	188	Chytri1|Chytri1_1083779	1098	6.5e-10	39	136	258	350	0.515957446808511
CBM13.hmm	188	Chytri1|Chytri1_1110046	388	1.1e-07	19	133	276	385	0.606382978723404
CBM13.hmm	188	Chytri1|Chytri1_1110046	388	4.7e-14	22	162	105	242	0.74468085106383
CBM13.hmm	188	Chytri1|Chytri1_1110858	264	1.3e-18	39	135	120	222	0.51063829787234
CBM13.hmm	188	Chytri1|Chytri1_1110858	264	7.2e-09	69	134	201	261	0.345744680851064
CBM13.hmm	188	Chytri1|Chytri1_1151186	264	1.8e-11	57	134	189	261	0.409574468085106
CBM13.hmm	188	Chytri1|Chytri1_1151186	264	2.1e-18	39	134	128	221	0.50531914893617
CBM13.hmm	188	Chytri1|Chytri1_1151188	149	1.1e-14	46	135	64	147	0.473404255319149
CBM13.hmm	188	Chytri1|Chytri1_1151188	149	2.9e-09	74	132	5	61	0.308510638297872
CBM13.hmm	188	Chytri1|Chytri1_1167161	235	5.7e-06	13	88	162	232	0.398936170212766
CBM13.hmm	188	Chytri1|Chytri1_1207985	397	7.1e-10	25	145	66	180	0.638297872340426
CBM13.hmm	188	Chytri1|Chytri1_1217133	1303	1.3e-11	22	146	1020	1142	0.659574468085106
CBM13.hmm	188	Chytri1|Chytri1_1217133	1303	1.6e-10	48	159	866	976	0.590425531914894
CBM13.hmm	188	Chytri1|Chytri1_1217133	1303	3e-06	20	132	1192	1299	0.595744680851064
CBM13.hmm	188	Chytri1|Chytri1_1217416	270	7.2e-06	13	88	197	267	0.398936170212766
CBM13.hmm	188	Chytri1|Chytri1_1233423	548	1.3e-07	8	129	154	267	0.643617021276596
CBM13.hmm	188	Chytri1|Chytri1_1233423	548	3.2e-09	21	149	249	373	0.680851063829787
CBM13.hmm	188	Chytri1|Chytri1_1233423	548	3.4e-10	19	154	389	520	0.718085106382979
CBM13.hmm	188	Chytri1|Chytri1_1233423	548	7.7e-06	36	148	93	201	0.595744680851064
CBM13.hmm	188	Chytri1|Chytri1_602131	254	3.5e-10	38	133	156	251	0.50531914893617
CBM13.hmm	188	Chytri1|Chytri1_654114	254	3.5e-10	38	133	156	251	0.50531914893617
CBM13.hmm	188	Chytri1|Chytri1_948843	517	8.4e-06	12	136	6	91	0.659574468085106
CBM18.hmm	38	Chytri1|Chytri1_1070050	670	7.5e-07	2	36	627	663	0.894736842105263
CBM18.hmm	38	Chytri1|Chytri1_1080773	264	2.7e-08	1	36	79	116	0.921052631578947
CBM18.hmm	38	Chytri1|Chytri1_1091815	431	0.0006	2	25	406	427	0.605263157894737
CBM18.hmm	38	Chytri1|Chytri1_1096379	440	3.2e-07	2	34	170	204	0.842105263157895
CBM18.hmm	38	Chytri1|Chytri1_1141008	302	0.00084	2	36	203	237	0.894736842105263
CBM18.hmm	38	Chytri1|Chytri1_1141008	302	1.2e-06	2	35	111	145	0.868421052631579
CBM18.hmm	38	Chytri1|Chytri1_1141008	302	2.2e-08	1	35	155	192	0.894736842105263
CBM18.hmm	38	Chytri1|Chytri1_1162958	379	4.7e-06	2	37	24	60	0.921052631578947
CBM18.hmm	38	Chytri1|Chytri1_1230686	458	2.8e-06	2	34	171	205	0.842105263157895
CBM19.hmm	45	Chytri1|Chytri1_1149003	527	3.1e-08	4	44	477	517	0.888888888888889
CBM19.hmm	45	Chytri1|Chytri1_1154650	360	1.6e-08	6	44	312	350	0.844444444444444
CBM21.hmm	107	Chytri1|Chytri1_1042834	95	3.1e-18	11	106	5	93	0.88785046728972
CBM21.hmm	107	Chytri1|Chytri1_1131657	591	1.6e-05	4	64	528	589	0.560747663551402
CBM21.hmm	107	Chytri1|Chytri1_1175488	579	6.7e-13	16	106	241	338	0.841121495327103
CBM21.hmm	107	Chytri1|Chytri1_1191649	1325	3.7e-17	13	105	774	887	0.85981308411215
CBM21.hmm	107	Chytri1|Chytri1_1220677	631	6e-12	4	107	528	627	0.962616822429907
CBM32.hmm	124	Chytri1|Chytri1_1064832	151	2.7e-07	10	69	19	81	0.475806451612903
CBM32.hmm	124	Chytri1|Chytri1_1151650	169	1.2e-08	12	110	16	123	0.790322580645161
CBM44.hmm	64	Chytri1|Chytri1_936986	525	3.2e-08	2	63	52	115	0.953125
CBM48.hmm	76	Chytri1|Chytri1_1060066	675	4e-09	3	46	49	103	0.565789473684211
CBM5.hmm	40	Chytri1|Chytri1_1080091	689	5e-07	1	40	539	582	0.975
CBM5.hmm	40	Chytri1|Chytri1_1112997	772	2.5e-07	1	40	637	676	0.975
CBM5.hmm	40	Chytri1|Chytri1_1112997	772	3.1e-08	2	37	512	548	0.875
CBM5.hmm	40	Chytri1|Chytri1_1122426	686	4.4e-07	2	40	23	65	0.95
CBM5.hmm	40	Chytri1|Chytri1_1122426	686	5.1e-06	2	40	85	127	0.95
CBM5.hmm	40	Chytri1|Chytri1_1126245	192	4.7e-05	2	40	7	48	0.95
CBM5.hmm	40	Chytri1|Chytri1_1137361	658	1.2e-07	7	40	121	157	0.825
CBM5.hmm	40	Chytri1|Chytri1_1155235	412	0.0002	3	24	294	315	0.525
CBM5.hmm	40	Chytri1|Chytri1_1163219	590	1.8e-05	3	40	163	203	0.925
CBM5.hmm	40	Chytri1|Chytri1_1172160	481	9e-09	3	40	347	385	0.925
CBM5.hmm	40	Chytri1|Chytri1_1176156	302	0.00012	2	37	127	163	0.875
CBM5.hmm	40	Chytri1|Chytri1_314060	165	1.9e-08	3	35	28	60	0.8
CBM5.hmm	40	Chytri1|Chytri1_818826	1581	0.00036	3	40	1154	1194	0.925
CBM5.hmm	40	Chytri1|Chytri1_818826	1581	1.7e-10	2	40	913	954	0.95
CBM5.hmm	40	Chytri1|Chytri1_818826	1581	6.3e-05	2	40	981	1022	0.95
CBM5.hmm	40	Chytri1|Chytri1_818826	1581	9e-13	1	40	839	881	0.975
CBM5.hmm	40	Chytri1|Chytri1_910593	574	6.3e-06	3	40	141	181	0.925
CBM50.hmm	40	Chytri1|Chytri1_1151068	530	0.00051	6	40	321	359	0.85
CBM50.hmm	40	Chytri1|Chytri1_1151068	530	6.8e-08	1	39	230	276	0.95
CBM50.hmm	40	Chytri1|Chytri1_1165165	499	3.3e-07	2	39	148	193	0.925
CBM50.hmm	40	Chytri1|Chytri1_1171353	1061	3.3e-05	1	39	19	61	0.95
CBM50.hmm	40	Chytri1|Chytri1_413426	209	2.2e-07	1	40	101	145	0.975
CBM50.hmm	40	Chytri1|Chytri1_908822	221	0.0007	1	40	99	162	0.975
CBM9.hmm	182	Chytri1|Chytri1_1163849	406	1.2e-28	7	151	104	279	0.791208791208791
CBM9.hmm	182	Chytri1|Chytri1_341459	279	7.1e-32	2	153	51	230	0.82967032967033
CBM9.hmm	182	Chytri1|Chytri1_341491	196	1.4e-23	49	152	2	132	0.565934065934066
CE1.hmm	227	Chytri1|Chytri1_1056993	231	8e-13	23	208	13	206	0.814977973568282
CE1.hmm	227	Chytri1|Chytri1_1060101	436	1.4e-09	88	214	125	270	0.555066079295154
CE1.hmm	227	Chytri1|Chytri1_1062361	705	3.2e-06	59	221	501	690	0.713656387665198
CE1.hmm	227	Chytri1|Chytri1_1068459	263	1e-06	104	202	59	224	0.431718061674009
CE1.hmm	227	Chytri1|Chytri1_1094851	968	2.7e-14	11	214	665	893	0.894273127753304
CE1.hmm	227	Chytri1|Chytri1_1101747	964	1.7e-12	8	207	396	617	0.876651982378855
CE1.hmm	227	Chytri1|Chytri1_1107248	412	3.4e-07	16	116	118	215	0.440528634361233
CE1.hmm	227	Chytri1|Chytri1_1111963	406	7.4e-06	20	121	101	258	0.444933920704846
CE1.hmm	227	Chytri1|Chytri1_1123243	290	5.1e-40	10	225	34	285	0.947136563876652
CE1.hmm	227	Chytri1|Chytri1_1126065	407	9.5e-06	27	146	75	229	0.524229074889868
CE1.hmm	227	Chytri1|Chytri1_1150438	417	3.9e-09	23	141	131	285	0.519823788546256
CE1.hmm	227	Chytri1|Chytri1_1152467	311	1.7e-10	103	209	105	279	0.466960352422908
CE1.hmm	227	Chytri1|Chytri1_1172753	285	1.6e-08	103	208	86	259	0.462555066079295
CE1.hmm	227	Chytri1|Chytri1_1174662	326	1.7e-06	21	143	40	167	0.537444933920705
CE1.hmm	227	Chytri1|Chytri1_165292	274	1.1e-06	12	120	21	167	0.475770925110132
CE1.hmm	227	Chytri1|Chytri1_874023	382	1.5e-06	27	174	145	307	0.647577092511013
CE10.hmm	341	Chytri1|Chytri1_1046075	237	1.8e-49	97	333	1	236	0.69208211143695
CE10.hmm	341	Chytri1|Chytri1_1046619	237	9.2e-50	96	332	2	236	0.69208211143695
CE10.hmm	341	Chytri1|Chytri1_1076441	675	7.1e-24	93	316	403	632	0.653958944281525
CE10.hmm	341	Chytri1|Chytri1_1079110	352	1.3e-23	93	310	136	350	0.636363636363636
CE10.hmm	341	Chytri1|Chytri1_1084365	387	9.2e-28	94	331	132	378	0.695014662756598
CE10.hmm	341	Chytri1|Chytri1_1085979	434	4.6e-40	74	316	161	406	0.709677419354839
CE10.hmm	341	Chytri1|Chytri1_1096637	381	3.4e-25	95	332	129	370	0.695014662756598
CE10.hmm	341	Chytri1|Chytri1_1110451	684	2e-25	79	312	427	662	0.683284457478006
CE10.hmm	341	Chytri1|Chytri1_1116775	434	6.6e-34	51	213	121	306	0.475073313782991
CE10.hmm	341	Chytri1|Chytri1_1127730	500	2.5e-49	94	321	166	400	0.665689149560117
CE10.hmm	341	Chytri1|Chytri1_1132631	463	4.2e-48	81	338	133	396	0.75366568914956
CE10.hmm	341	Chytri1|Chytri1_1133054	952	9.5e-11	78	329	673	926	0.736070381231672
CE10.hmm	341	Chytri1|Chytri1_1138068	704	2.7e-22	93	324	464	692	0.67741935483871
CE10.hmm	341	Chytri1|Chytri1_1154654	374	7.3e-23	97	310	154	372	0.624633431085044
CE10.hmm	341	Chytri1|Chytri1_1158540	614	1.3e-06	222	336	334	531	0.334310850439883
CE10.hmm	341	Chytri1|Chytri1_1158540	614	4.8e-27	79	207	92	241	0.375366568914956
CE10.hmm	341	Chytri1|Chytri1_1171251	372	1.4e-25	74	193	127	250	0.348973607038123
CE10.hmm	341	Chytri1|Chytri1_1171954	711	5.1e-41	60	288	53	296	0.668621700879765
CE10.hmm	341	Chytri1|Chytri1_1175090	682	2.4e-14	93	315	425	638	0.651026392961877
CE10.hmm	341	Chytri1|Chytri1_1175887	257	8.5e-25	97	328	6	243	0.67741935483871
CE10.hmm	341	Chytri1|Chytri1_1226040	375	2.1e-25	62	334	104	372	0.797653958944281
CE10.hmm	341	Chytri1|Chytri1_1252062	530	1.8e-28	75	193	98	241	0.346041055718475
CE10.hmm	341	Chytri1|Chytri1_202332	354	3.4e-39	85	334	69	330	0.730205278592375
CE10.hmm	341	Chytri1|Chytri1_21175	321	2e-13	82	208	30	211	0.36950146627566
CE10.hmm	341	Chytri1|Chytri1_37307	341	2.2e-26	97	335	39	329	0.697947214076246
CE10.hmm	341	Chytri1|Chytri1_466642	385	1.6e-12	93	287	69	263	0.56891495601173
CE10.hmm	341	Chytri1|Chytri1_474829	410	9.7e-27	97	327	155	394	0.674486803519062
CE10.hmm	341	Chytri1|Chytri1_523313	314	1.3e-44	94	336	23	268	0.709677419354839
CE10.hmm	341	Chytri1|Chytri1_600546	381	5.4e-18	83	316	117	340	0.683284457478006
CE12.hmm	210	Chytri1|Chytri1_1054671	226	1.7e-06	3	207	2	211	0.971428571428571
CE12.hmm	210	Chytri1|Chytri1_1062761	265	2.7e-09	1	149	11	173	0.704761904761905
CE12.hmm	210	Chytri1|Chytri1_1248366	285	7.8e-11	2	209	41	241	0.985714285714286
CE14.hmm	124	Chytri1|Chytri1_1084382	308	7e-14	1	123	47	181	0.983870967741935
CE15.hmm	269	Chytri1|Chytri1_965456	327	6.2e-06	38	157	162	292	0.442379182156134
CE16.hmm	267	Chytri1|Chytri1_1079427	369	2.3e-22	2	264	29	269	0.9812734082397
CE16.hmm	267	Chytri1|Chytri1_1093798	318	6.5e-37	3	263	36	309	0.973782771535581
CE16.hmm	267	Chytri1|Chytri1_1123471	351	3.5e-31	2	264	28	281	0.9812734082397
CE16.hmm	267	Chytri1|Chytri1_1140812	353	1.5e-32	2	264	23	278	0.9812734082397
CE16.hmm	267	Chytri1|Chytri1_1168835	397	5.2e-33	2	264	29	282	0.9812734082397
CE16.hmm	267	Chytri1|Chytri1_1168944	349	4.7e-14	2	263	26	330	0.97752808988764
CE16.hmm	267	Chytri1|Chytri1_1175223	148	1.6e-16	2	126	28	138	0.464419475655431
CE16.hmm	267	Chytri1|Chytri1_746969	409	5.7e-27	2	264	62	323	0.9812734082397
CE16.hmm	267	Chytri1|Chytri1_947730	278	1.7e-22	2	250	26	272	0.928838951310861
CE3.hmm	194	Chytri1|Chytri1_1039611	233	1.6e-06	3	188	6	210	0.95360824742268
CE3.hmm	194	Chytri1|Chytri1_1104578	267	3.8e-13	49	184	112	255	0.695876288659794
CE3.hmm	194	Chytri1|Chytri1_1137332	271	2.2e-08	4	184	15	211	0.927835051546392
CE3.hmm	194	Chytri1|Chytri1_50597	207	9.4e-09	71	185	84	195	0.587628865979381
CE3.hmm	194	Chytri1|Chytri1_515390	220	1.7e-14	1	189	7	203	0.969072164948454
CE4.hmm	130	Chytri1|Chytri1_1048377	127	1.4e-27	9	124	10	126	0.884615384615385
CE4.hmm	130	Chytri1|Chytri1_1049230	168	2.1e-28	13	124	14	126	0.853846153846154
CE4.hmm	130	Chytri1|Chytri1_1049943	165	4.6e-19	34	124	1	92	0.692307692307692
CE4.hmm	130	Chytri1|Chytri1_1055381	209	3.8e-26	6	125	7	128	0.915384615384615
CE4.hmm	130	Chytri1|Chytri1_1056261	168	1.2e-21	33	125	3	96	0.707692307692308
CE4.hmm	130	Chytri1|Chytri1_1064962	143	4.7e-23	14	123	21	133	0.838461538461538
CE4.hmm	130	Chytri1|Chytri1_1065171	330	3.4e-25	18	126	8	117	0.830769230769231
CE4.hmm	130	Chytri1|Chytri1_1072647	251	1e-21	14	125	61	175	0.853846153846154
CE4.hmm	130	Chytri1|Chytri1_1086863	115	5.6e-12	13	63	65	115	0.384615384615385
CE4.hmm	130	Chytri1|Chytri1_1094473	248	4.2e-10	5	123	60	187	0.907692307692308
CE4.hmm	130	Chytri1|Chytri1_1120009	308	2e-15	19	119	78	177	0.769230769230769
CE4.hmm	130	Chytri1|Chytri1_1124608	442	1.6e-22	7	123	109	228	0.892307692307692
CE4.hmm	130	Chytri1|Chytri1_1147693	388	9.6e-26	7	125	73	193	0.907692307692308
CE4.hmm	130	Chytri1|Chytri1_1155470	344	3.9e-26	9	122	75	189	0.869230769230769
CE4.hmm	130	Chytri1|Chytri1_1155477	368	1.4e-27	7	121	71	186	0.876923076923077
CE4.hmm	130	Chytri1|Chytri1_1157462	414	2.6e-27	14	126	69	182	0.861538461538462
CE4.hmm	130	Chytri1|Chytri1_1174797	155	0.00023	4	64	94	154	0.461538461538462
CE4.hmm	130	Chytri1|Chytri1_172079	442	1.9e-24	6	125	168	292	0.915384615384615
CE4.hmm	130	Chytri1|Chytri1_35603	250	1.6e-16	51	123	3	77	0.553846153846154
CE9.hmm	373	Chytri1|Chytri1_1135626	536	1.9e-115	1	372	129	529	0.994638069705094
CE9.hmm	373	Chytri1|Chytri1_600157	559	4.5e-85	3	305	100	434	0.809651474530831
CE9.hmm	373	Chytri1|Chytri1_600420	546	2.6e-77	123	362	256	521	0.640750670241287
GH1.hmm	429	Chytri1|Chytri1_1052548	133	1.7e-48	16	148	1	132	0.307692307692308
GH1.hmm	429	Chytri1|Chytri1_1099406	527	6e-103	6	427	5	457	0.981351981351981
GH1.hmm	429	Chytri1|Chytri1_1175686	486	2.2e-103	8	392	24	456	0.895104895104895
GH1.hmm	429	Chytri1|Chytri1_1225840	546	4.8e-104	9	427	9	477	0.974358974358974
GH1.hmm	429	Chytri1|Chytri1_1234880	417	5.5e-86	28	388	11	416	0.839160839160839
GH109.hmm	126	Chytri1|Chytri1_1078464	401	3.4e-08	61	106	71	116	0.357142857142857
GH109.hmm	126	Chytri1|Chytri1_1148509	362	5.2e-10	2	121	12	122	0.944444444444444
GH109.hmm	126	Chytri1|Chytri1_1169062	444	4.3e-06	1	114	19	125	0.896825396825397
GH109.hmm	126	Chytri1|Chytri1_1169755	444	4.3e-06	1	114	19	125	0.896825396825397
GH109.hmm	126	Chytri1|Chytri1_340871	380	1.7e-10	2	117	9	115	0.912698412698413
GH125.hmm	402	Chytri1|Chytri1_1212360	592	7.6e-141	3	402	160	585	0.992537313432836
GH128.hmm	224	Chytri1|Chytri1_719129	258	7.5e-06	100	197	133	225	0.433035714285714
GH13.hmm	299	Chytri1|Chytri1_1060066	675	2.3e-25	22	259	199	489	0.792642140468227
GH13.hmm	299	Chytri1|Chytri1_1131657	591	1.7e-21	20	284	38	381	0.882943143812709
GH13.hmm	299	Chytri1|Chytri1_1220677	631	3.2e-20	20	284	38	381	0.882943143812709
GH133.hmm	372	Chytri1|Chytri1_147252	731	6.3e-66	9	181	466	714	0.462365591397849
GH15.hmm	361	Chytri1|Chytri1_1163643	1564	5.9e-17	4	282	15	307	0.770083102493075
GH15.hmm	361	Chytri1|Chytri1_1169484	516	7.5e-61	15	359	44	500	0.952908587257618
GH15.hmm	361	Chytri1|Chytri1_1228713	536	3.9e-68	10	359	47	518	0.966759002770083
GH16.hmm	189	Chytri1|Chytri1_1063995	357	4.5e-20	10	176	76	319	0.878306878306878
GH16.hmm	189	Chytri1|Chytri1_1162958	379	1e-17	9	176	87	300	0.883597883597884
GH16.hmm	189	Chytri1|Chytri1_679742	294	7.8e-20	56	185	22	180	0.682539682539683
GH18.hmm	296	Chytri1|Chytri1_1040338	202	1.2e-19	52	200	2	170	0.5
GH18.hmm	296	Chytri1|Chytri1_1048569	124	1.5e-22	60	161	3	122	0.341216216216216
GH18.hmm	296	Chytri1|Chytri1_1049739	219	2.6e-20	32	164	22	187	0.445945945945946
GH18.hmm	296	Chytri1|Chytri1_1055318	210	1.5e-16	52	201	7	175	0.503378378378378
GH18.hmm	296	Chytri1|Chytri1_1058912	333	3.3e-17	6	215	56	310	0.706081081081081
GH18.hmm	296	Chytri1|Chytri1_1066350	353	1e-25	23	221	99	312	0.668918918918919
GH18.hmm	296	Chytri1|Chytri1_1069548	405	2.6e-25	3	279	80	395	0.932432432432432
GH18.hmm	296	Chytri1|Chytri1_1080387	476	2.2e-11	4	160	82	318	0.527027027027027
GH18.hmm	296	Chytri1|Chytri1_1091815	431	1.5e-11	48	206	136	338	0.533783783783784
GH18.hmm	296	Chytri1|Chytri1_1108278	637	5e-73	3	285	29	488	0.952702702702703
GH18.hmm	296	Chytri1|Chytri1_1112997	772	1.3e-08	80	188	236	397	0.364864864864865
GH18.hmm	296	Chytri1|Chytri1_1113391	588	4.7e-09	84	181	243	385	0.327702702702703
GH18.hmm	296	Chytri1|Chytri1_1120579	532	1.7e-11	4	196	109	368	0.648648648648649
GH18.hmm	296	Chytri1|Chytri1_1121638	434	5e-61	3	287	42	416	0.959459459459459
GH18.hmm	296	Chytri1|Chytri1_1122426	686	2.1e-67	5	285	272	675	0.945945945945946
GH18.hmm	296	Chytri1|Chytri1_1122430	543	6.7e-67	5	283	141	530	0.939189189189189
GH18.hmm	296	Chytri1|Chytri1_1123037	444	2.3e-23	70	279	218	434	0.706081081081081
GH18.hmm	296	Chytri1|Chytri1_1124775	462	3.5e-61	2	284	6	376	0.952702702702703
GH18.hmm	296	Chytri1|Chytri1_1129014	436	7.3e-15	2	198	37	304	0.662162162162162
GH18.hmm	296	Chytri1|Chytri1_1129608	447	3.1e-19	2	206	148	396	0.689189189189189
GH18.hmm	296	Chytri1|Chytri1_1137361	658	5e-68	5	284	257	646	0.942567567567568
GH18.hmm	296	Chytri1|Chytri1_1144629	517	8.2e-67	3	282	42	375	0.942567567567568
GH18.hmm	296	Chytri1|Chytri1_1162592	319	1.2e-25	48	215	67	295	0.564189189189189
GH18.hmm	296	Chytri1|Chytri1_1167012	528	3.9e-17	2	204	232	474	0.682432432432432
GH18.hmm	296	Chytri1|Chytri1_1169151	497	1.7e-11	3	159	81	305	0.527027027027027
GH18.hmm	296	Chytri1|Chytri1_1171389	642	6.7e-63	5	275	243	641	0.912162162162162
GH18.hmm	296	Chytri1|Chytri1_1171460	449	2e-24	23	219	195	406	0.662162162162162
GH18.hmm	296	Chytri1|Chytri1_1172160	481	2e-15	27	178	32	221	0.510135135135135
GH18.hmm	296	Chytri1|Chytri1_1174139	685	2.4e-11	40	164	47	203	0.418918918918919
GH18.hmm	296	Chytri1|Chytri1_1228092	499	7.4e-15	3	203	98	370	0.675675675675676
GH18.hmm	296	Chytri1|Chytri1_1242929	523	3.1e-22	29	217	263	501	0.635135135135135
GH18.hmm	296	Chytri1|Chytri1_1256842	508	1.1e-72	5	286	107	498	0.949324324324324
GH18.hmm	296	Chytri1|Chytri1_189003	506	2.4e-17	22	203	118	364	0.611486486486487
GH18.hmm	296	Chytri1|Chytri1_411033	499	1.1e-14	3	203	98	370	0.675675675675676
GH18.hmm	296	Chytri1|Chytri1_657977	349	3.2e-12	33	211	37	233	0.601351351351351
GH18.hmm	296	Chytri1|Chytri1_67719	410	1e-66	7	284	3	398	0.935810810810811
GH18.hmm	296	Chytri1|Chytri1_80125	620	1.9e-15	2	181	323	582	0.60472972972973
GH18.hmm	296	Chytri1|Chytri1_95796	626	6.7e-10	84	198	240	405	0.385135135135135
GH19.hmm	231	Chytri1|Chytri1_1110108	407	9.8e-27	57	231	260	406	0.753246753246753
GH19.hmm	231	Chytri1|Chytri1_1110109	434	1.4e-28	56	230	287	432	0.753246753246753
GH19.hmm	231	Chytri1|Chytri1_1119509	413	1.3e-29	56	231	266	412	0.757575757575758
GH19.hmm	231	Chytri1|Chytri1_1163219	590	8.2e-58	1	231	271	527	0.995670995670996
GH19.hmm	231	Chytri1|Chytri1_1170467	458	1.6e-22	53	159	60	158	0.458874458874459
GH19.hmm	231	Chytri1|Chytri1_818826	1581	2.4e-57	1	230	1262	1517	0.991341991341991
GH19.hmm	231	Chytri1|Chytri1_910593	574	3.2e-55	1	231	255	511	0.995670995670996
GH19.hmm	231	Chytri1|Chytri1_952972	206	1.6e-29	57	221	57	195	0.70995670995671
GH2.hmm	752	Chytri1|Chytri1_1104014	878	8.6e-73	68	542	66	748	0.63031914893617
GH2.hmm	752	Chytri1|Chytri1_1112276	714	7.2e-75	24	490	41	604	0.61968085106383
GH2.hmm	752	Chytri1|Chytri1_1163394	789	2.5e-76	25	491	87	696	0.61968085106383
GH20.hmm	337	Chytri1|Chytri1_1132134	727	2.1e-73	8	336	176	614	0.973293768545994
GH20.hmm	337	Chytri1|Chytri1_1170195	672	3.8e-76	8	335	214	567	0.970326409495549
GH20.hmm	337	Chytri1|Chytri1_1170282	837	8.4e-76	8	335	395	741	0.970326409495549
GH20.hmm	337	Chytri1|Chytri1_1174021	727	1.7e-71	8	336	176	614	0.973293768545994
GH20.hmm	337	Chytri1|Chytri1_1216520	1151	9.3e-76	8	336	230	631	0.973293768545994
GH20.hmm	337	Chytri1|Chytri1_721193	681	1.6e-73	8	335	186	559	0.970326409495549
GH26.hmm	303	Chytri1|Chytri1_1068532	486	2.2e-18	119	223	127	294	0.343234323432343
GH26.hmm	303	Chytri1|Chytri1_1080102	411	7.6e-27	136	255	126	263	0.392739273927393
GH26.hmm	303	Chytri1|Chytri1_1107495	545	5.2e-21	119	281	238	475	0.534653465346535
GH26.hmm	303	Chytri1|Chytri1_1112024	413	2.8e-19	112	255	112	280	0.471947194719472
GH26.hmm	303	Chytri1|Chytri1_1114303	311	8.6e-23	132	227	113	210	0.313531353135314
GH26.hmm	303	Chytri1|Chytri1_1117806	417	1.2e-23	119	252	117	263	0.438943894389439
GH26.hmm	303	Chytri1|Chytri1_1118841	352	6.9e-26	133	253	133	265	0.396039603960396
GH26.hmm	303	Chytri1|Chytri1_1121480	332	1.4e-21	132	224	118	214	0.303630363036304
GH26.hmm	303	Chytri1|Chytri1_1125466	444	8.2e-21	129	226	116	220	0.32013201320132
GH26.hmm	303	Chytri1|Chytri1_1126868	440	3e-25	123	237	106	220	0.376237623762376
GH26.hmm	303	Chytri1|Chytri1_1128193	544	3.8e-19	127	223	129	261	0.316831683168317
GH26.hmm	303	Chytri1|Chytri1_1148728	489	7.4e-18	127	226	108	252	0.326732673267327
GH26.hmm	303	Chytri1|Chytri1_1173154	469	4.8e-19	131	223	120	252	0.303630363036304
GH26.hmm	303	Chytri1|Chytri1_1174717	574	3.9e-21	128	226	193	340	0.323432343234323
GH26.hmm	303	Chytri1|Chytri1_1219557	419	3.1e-25	123	254	100	271	0.432343234323432
GH26.hmm	303	Chytri1|Chytri1_1219745	455	9.5e-19	119	226	151	296	0.353135313531353
GH26.hmm	303	Chytri1|Chytri1_215293	363	1.1e-21	134	226	68	168	0.303630363036304
GH26.hmm	303	Chytri1|Chytri1_522523	412	6.5e-22	132	226	80	213	0.31023102310231
GH26.hmm	303	Chytri1|Chytri1_547501	378	4.9e-21	117	254	209	359	0.452145214521452
GH26.hmm	303	Chytri1|Chytri1_800035	376	9.1e-15	131	226	15	142	0.313531353135314
GH26.hmm	303	Chytri1|Chytri1_870118	527	3.1e-20	131	223	122	262	0.303630363036304
GH26.hmm	303	Chytri1|Chytri1_893496	452	1e-19	119	223	147	305	0.343234323432343
GH27.hmm	375	Chytri1|Chytri1_1061969	453	4.2e-25	253	372	208	318	0.317333333333333
GH28.hmm	325	Chytri1|Chytri1_1081278	369	9e-58	22	306	62	354	0.873846153846154
GH28.hmm	325	Chytri1|Chytri1_330463	234	6.2e-48	106	308	9	221	0.621538461538461
GH28.hmm	325	Chytri1|Chytri1_58381	305	2.1e-57	59	307	25	291	0.763076923076923
GH3.hmm	216	Chytri1|Chytri1_1052423	124	5.7e-27	4	111	16	124	0.49537037037037
GH3.hmm	216	Chytri1|Chytri1_1060603	752	1.9e-58	6	197	90	282	0.884259259259259
GH3.hmm	216	Chytri1|Chytri1_1067186	744	5.8e-65	3	215	83	326	0.981481481481482
GH3.hmm	216	Chytri1|Chytri1_1067382	734	3e-62	4	201	51	253	0.912037037037037
GH3.hmm	216	Chytri1|Chytri1_1106171	790	1.1e-67	3	215	120	363	0.981481481481482
GH3.hmm	216	Chytri1|Chytri1_1108666	807	1.7e-50	46	216	2	169	0.787037037037037
GH3.hmm	216	Chytri1|Chytri1_1213113	805	1e-59	4	216	69	278	0.981481481481482
GH30.hmm	417	Chytri1|Chytri1_1096273	501	3.2e-41	5	395	24	451	0.935251798561151
GH31.hmm	427	Chytri1|Chytri1_1061105	797	3.4e-118	2	427	210	668	0.995316159250585
GH31.hmm	427	Chytri1|Chytri1_1131633	977	3.7e-155	3	427	381	827	0.992974238875878
GH35.hmm	307	Chytri1|Chytri1_1064851	955	3e-45	66	302	3	314	0.768729641693811
GH35.hmm	307	Chytri1|Chytri1_1080793	954	9.8e-91	1	305	170	452	0.990228013029316
GH37.hmm	491	Chytri1|Chytri1_1064727	665	2.3e-128	11	489	98	635	0.973523421588595
GH38.hmm	269	Chytri1|Chytri1_1098153	1096	3.6e-77	2	257	265	520	0.947955390334573
GH38.hmm	269	Chytri1|Chytri1_1230317	1137	1.9e-80	2	261	270	529	0.962825278810409
GH43.hmm	248	Chytri1|Chytri1_1143703	312	2.2e-05	36	113	194	267	0.310483870967742
GH43.hmm	248	Chytri1|Chytri1_1212413	343	2.6e-05	36	113	225	298	0.310483870967742
GH46.hmm	222	Chytri1|Chytri1_1086333	134	1.4e-13	103	221	1	115	0.531531531531532
GH46.hmm	222	Chytri1|Chytri1_1090595	553	1.4e-25	3	219	314	532	0.972972972972973
GH46.hmm	222	Chytri1|Chytri1_1112510	292	7.6e-32	7	219	9	217	0.954954954954955
GH46.hmm	222	Chytri1|Chytri1_1115731	402	3.7e-23	11	181	1	187	0.765765765765766
GH47.hmm	446	Chytri1|Chytri1_1064312	576	6.8e-137	1	445	1	438	0.995515695067265
GH47.hmm	446	Chytri1|Chytri1_1098327	720	4.6e-118	20	445	234	708	0.952914798206278
GH47.hmm	446	Chytri1|Chytri1_1126716	506	2.8e-141	2	445	8	445	0.993273542600897
GH47.hmm	446	Chytri1|Chytri1_1130263	617	5.4e-138	2	445	92	532	0.993273542600897
GH47.hmm	446	Chytri1|Chytri1_1139907	541	1.9e-129	1	445	86	521	0.995515695067265
GH47.hmm	446	Chytri1|Chytri1_1141938	598	2.6e-126	1	446	84	503	0.997757847533632
GH47.hmm	446	Chytri1|Chytri1_1173618	361	5.4e-88	113	445	1	341	0.744394618834081
GH47.hmm	446	Chytri1|Chytri1_1263613	263	5.8e-47	37	200	79	237	0.365470852017937
GH47.hmm	446	Chytri1|Chytri1_514274	490	1e-127	34	446	1	474	0.923766816143498
GH5.hmm	275	Chytri1|Chytri1_1038044	297	5.6e-19	37	233	18	277	0.712727272727273
GH5.hmm	275	Chytri1|Chytri1_1068258	411	1.3e-16	33	233	103	377	0.727272727272727
GH5.hmm	275	Chytri1|Chytri1_1068403	337	6.7e-19	32	237	16	311	0.745454545454545
GH5.hmm	275	Chytri1|Chytri1_1068475	323	6e-19	35	239	18	297	0.741818181818182
GH5.hmm	275	Chytri1|Chytri1_1080563	325	7.6e-07	124	235	22	145	0.403636363636364
GH5.hmm	275	Chytri1|Chytri1_1080564	545	2.7e-32	29	234	51	366	0.745454545454545
GH5.hmm	275	Chytri1|Chytri1_1092944	651	4.7e-09	40	242	37	483	0.734545454545455
GH5.hmm	275	Chytri1|Chytri1_1093373	469	1.9e-18	12	242	141	423	0.836363636363636
GH5.hmm	275	Chytri1|Chytri1_1118507	641	1.6e-07	115	240	11	153	0.454545454545455
GH5.hmm	275	Chytri1|Chytri1_1138903	492	5.6e-33	29	234	74	378	0.745454545454545
GH5.hmm	275	Chytri1|Chytri1_1141224	344	2e-15	2	236	16	325	0.850909090909091
GH5.hmm	275	Chytri1|Chytri1_1144024	641	3.7e-09	115	233	11	146	0.429090909090909
GH5.hmm	275	Chytri1|Chytri1_1158302	404	2.6e-27	44	205	2	382	0.585454545454545
GH5.hmm	275	Chytri1|Chytri1_1165346	568	4.9e-33	33	233	74	380	0.727272727272727
GH5.hmm	275	Chytri1|Chytri1_544942	445	1.7e-25	60	245	12	319	0.672727272727273
GH5.hmm	275	Chytri1|Chytri1_555291	583	3.5e-14	13	238	258	564	0.818181818181818
GH5.hmm	275	Chytri1|Chytri1_719003	784	1.3e-11	77	234	6	218	0.570909090909091
GH5.hmm	275	Chytri1|Chytri1_719003	784	4.9e-14	33	242	274	578	0.76
GH5.hmm	275	Chytri1|Chytri1_770842	641	1.9e-19	11	233	36	327	0.807272727272727
GH55.hmm	740	Chytri1|Chytri1_1058509	775	6.5e-266	9	733	12	761	0.978378378378378
GH55.hmm	740	Chytri1|Chytri1_1098437	1016	1.3e-272	11	723	17	734	0.962162162162162
GH55.hmm	740	Chytri1|Chytri1_1160220	834	3e-277	9	719	16	730	0.959459459459459
GH55.hmm	740	Chytri1|Chytri1_1256807	889	1.2e-268	11	718	29	741	0.955405405405405
GH63.hmm	570	Chytri1|Chytri1_1086087	577	6.2e-33	356	558	31	400	0.354385964912281
GH63.hmm	570	Chytri1|Chytri1_1164613	826	4.9e-30	317	568	609	824	0.440350877192982
GH7.hmm	415	Chytri1|Chytri1_1041432	336	6.3e-139	8	334	2	335	0.785542168674699
GH7.hmm	415	Chytri1|Chytri1_1175326	288	5.6e-34	101	399	38	275	0.718072289156626
GH7.hmm	415	Chytri1|Chytri1_1234878	320	1.7e-53	260	414	1	168	0.371084337349398
GH7.hmm	415	Chytri1|Chytri1_1258162	470	1.6e-23	205	385	301	452	0.433734939759036
GH7.hmm	415	Chytri1|Chytri1_376568	248	1.7e-24	206	386	80	231	0.433734939759036
GH76.hmm	358	Chytri1|Chytri1_1053183	124	1.3e-23	130	244	2	124	0.318435754189944
GH76.hmm	358	Chytri1|Chytri1_1054147	144	3.6e-30	126	261	1	144	0.377094972067039
GH76.hmm	358	Chytri1|Chytri1_1060780	350	1.6e-44	52	315	25	326	0.73463687150838
GH76.hmm	358	Chytri1|Chytri1_1078835	568	3.5e-36	52	258	173	421	0.575418994413408
GH76.hmm	358	Chytri1|Chytri1_1105559	509	3.4e-37	40	314	27	324	0.76536312849162
GH76.hmm	358	Chytri1|Chytri1_1113739	469	8.3e-47	36	312	64	372	0.770949720670391
GH76.hmm	358	Chytri1|Chytri1_1123938	859	9.5e-47	22	316	39	359	0.82122905027933
GH76.hmm	358	Chytri1|Chytri1_112750	480	1.2e-50	12	316	52	393	0.849162011173184
GH76.hmm	358	Chytri1|Chytri1_1140935	454	1.3e-46	6	314	16	366	0.860335195530726
GH76.hmm	358	Chytri1|Chytri1_1141020	602	2.7e-50	6	314	16	361	0.860335195530726
GH76.hmm	358	Chytri1|Chytri1_1147860	557	5.8e-44	45	341	73	416	0.826815642458101
GH76.hmm	358	Chytri1|Chytri1_1173185	449	3.2e-45	17	313	32	358	0.826815642458101
GH76.hmm	358	Chytri1|Chytri1_948843	517	2.1e-26	35	306	190	500	0.756983240223464
GH9.hmm	418	Chytri1|Chytri1_1113273	628	3.4e-44	8	359	148	567	0.839712918660287
GH92.hmm	491	Chytri1|Chytri1_1062709	631	2.3e-131	2	490	81	611	0.993890020366599
GT1.hmm	382	Chytri1|Chytri1_1066057	634	4.5e-47	85	381	242	569	0.774869109947644
GT1.hmm	382	Chytri1|Chytri1_1111015	499	7.6e-36	84	362	98	468	0.727748691099476
GT1.hmm	382	Chytri1|Chytri1_1138937	518	2.9e-23	82	349	114	426	0.698952879581152
GT1.hmm	382	Chytri1|Chytri1_135512	448	3e-17	3	376	6	432	0.976439790575916
GT10.hmm	347	Chytri1|Chytri1_1168800	292	6.3e-38	100	332	56	286	0.668587896253602
GT10.hmm	347	Chytri1|Chytri1_192531	512	7.6e-44	37	337	198	499	0.864553314121037
GT10.hmm	347	Chytri1|Chytri1_348436	420	1.9e-39	104	280	139	311	0.507204610951009
GT12.hmm	134	Chytri1|Chytri1_422152	589	5.5e-24	2	113	2	122	0.828358208955224
GT12.hmm	134	Chytri1|Chytri1_60052	395	7.7e-05	60	114	187	242	0.402985074626866
GT13.hmm	395	Chytri1|Chytri1_1115951	411	1.1e-89	52	391	60	404	0.858227848101266
GT13.hmm	395	Chytri1|Chytri1_1121541	407	7.5e-96	58	392	60	404	0.845569620253165
GT13.hmm	395	Chytri1|Chytri1_1221686	415	2.3e-86	53	390	54	406	0.853164556962025
GT14.hmm	250	Chytri1|Chytri1_1173321	419	3.8e-27	2	234	118	355	0.928
GT14.hmm	250	Chytri1|Chytri1_1174633	360	8.5e-29	1	222	97	323	0.884
GT17.hmm	284	Chytri1|Chytri1_1072985	173	2e-49	3	153	17	172	0.528169014084507
GT2.hmm	168	Chytri1|Chytri1_103449	953	1.7e-13	79	162	607	691	0.494047619047619
GT2.hmm	168	Chytri1|Chytri1_1057841	745	9.1e-08	2	166	63	302	0.976190476190476
GT2.hmm	168	Chytri1|Chytri1_1059674	748	1.5e-07	53	166	141	310	0.672619047619048
GT2.hmm	168	Chytri1|Chytri1_1064638	990	3.3e-15	79	162	504	588	0.494047619047619
GT2.hmm	168	Chytri1|Chytri1_1096006	925	3.2e-07	2	166	218	454	0.976190476190476
GT2.hmm	168	Chytri1|Chytri1_1096009	884	1.6e-08	2	166	143	378	0.976190476190476
GT2.hmm	168	Chytri1|Chytri1_1100486	1069	2.6e-06	2	166	362	600	0.976190476190476
GT2.hmm	168	Chytri1|Chytri1_1124328	941	1.9e-12	80	162	613	696	0.488095238095238
GT2.hmm	168	Chytri1|Chytri1_1142783	234	1.3e-16	73	163	22	113	0.535714285714286
GT2.hmm	168	Chytri1|Chytri1_1145174	1006	3.9e-17	2	162	511	763	0.952380952380952
GT2.hmm	168	Chytri1|Chytri1_1152182	1006	3.9e-17	2	162	511	763	0.952380952380952
GT2.hmm	168	Chytri1|Chytri1_1158288	913	7.2e-06	2	165	212	452	0.970238095238095
GT2.hmm	168	Chytri1|Chytri1_1161882	689	5.1e-06	80	166	152	244	0.511904761904762
GT2.hmm	168	Chytri1|Chytri1_1162195	253	9e-46	1	166	20	188	0.982142857142857
GT2.hmm	168	Chytri1|Chytri1_1165981	1856	1.8e-14	79	162	1346	1430	0.494047619047619
GT2.hmm	168	Chytri1|Chytri1_1167367	1929	3.1e-12	79	162	1424	1508	0.494047619047619
GT2.hmm	168	Chytri1|Chytri1_1169553	1311	2.3e-15	73	163	842	933	0.535714285714286
GT2.hmm	168	Chytri1|Chytri1_1219258	1336	1.3e-12	1	98	337	495	0.577380952380952
GT2.hmm	168	Chytri1|Chytri1_1237740	243	6.8e-46	1	166	10	178	0.982142857142857
GT2.hmm	168	Chytri1|Chytri1_1241141	476	6.9e-05	36	99	18	96	0.375
GT2.hmm	168	Chytri1|Chytri1_1251229	1357	7.2e-15	73	163	865	956	0.535714285714286
GT2.hmm	168	Chytri1|Chytri1_244757	394	5.7e-11	80	163	69	153	0.494047619047619
GT2.hmm	168	Chytri1|Chytri1_596726	891	8.9e-08	2	166	131	368	0.976190476190476
GT2.hmm	168	Chytri1|Chytri1_78855	2124	1.5e-22	1	133	250	384	0.785714285714286
GT20.hmm	475	Chytri1|Chytri1_1063785	507	1.2e-180	10	474	4	475	0.976842105263158
GT20.hmm	475	Chytri1|Chytri1_1076479	718	9.7e-157	102	474	59	431	0.783157894736842
GT20.hmm	475	Chytri1|Chytri1_1137714	909	5.3e-187	11	473	110	578	0.972631578947368
GT20.hmm	475	Chytri1|Chytri1_1174957	1037	5.4e-162	52	472	194	614	0.884210526315789
GT21.hmm	233	Chytri1|Chytri1_1142161	606	7.4e-90	1	233	73	304	0.995708154506438
GT22.hmm	389	Chytri1|Chytri1_1136768	578	1.3e-89	2	389	10	443	0.994858611825193
GT22.hmm	389	Chytri1|Chytri1_1162910	665	8.2e-71	10	356	72	501	0.889460154241645
GT22.hmm	389	Chytri1|Chytri1_328898	585	8.7e-108	2	389	16	456	0.994858611825193
GT24.hmm	248	Chytri1|Chytri1_1149848	1485	1.8e-129	1	248	1192	1439	0.995967741935484
GT28.hmm	157	Chytri1|Chytri1_1052350	125	7.5e-16	29	119	33	122	0.573248407643312
GT3.hmm	637	Chytri1|Chytri1_108873	775	1.1e-292	1	599	15	632	0.938775510204082
GT31.hmm	192	Chytri1|Chytri1_1072181	454	1.9e-13	47	188	159	293	0.734375
GT31.hmm	192	Chytri1|Chytri1_1077524	318	4.7e-13	2	186	25	205	0.958333333333333
GT31.hmm	192	Chytri1|Chytri1_1077585	705	6e-07	2	122	147	285	0.625
GT31.hmm	192	Chytri1|Chytri1_1084614	276	3.7e-16	2	187	34	212	0.963541666666667
GT31.hmm	192	Chytri1|Chytri1_1089894	408	9.6e-13	64	189	178	295	0.651041666666667
GT31.hmm	192	Chytri1|Chytri1_1098072	476	1.5e-09	2	189	215	410	0.973958333333333
GT31.hmm	192	Chytri1|Chytri1_1163243	642	2e-15	2	187	113	291	0.963541666666667
GT31.hmm	192	Chytri1|Chytri1_1169092	288	1.5e-09	2	188	50	231	0.96875
GT31.hmm	192	Chytri1|Chytri1_1169093	367	4.2e-10	4	188	131	307	0.958333333333333
GT31.hmm	192	Chytri1|Chytri1_1170223	288	1.5e-09	2	188	50	231	0.96875
GT31.hmm	192	Chytri1|Chytri1_1170224	367	4.2e-10	4	188	131	307	0.958333333333333
GT31.hmm	192	Chytri1|Chytri1_1220185	601	1.4e-11	2	189	150	329	0.973958333333333
GT31.hmm	192	Chytri1|Chytri1_1221267	472	8e-09	58	117	178	238	0.307291666666667
GT31.hmm	192	Chytri1|Chytri1_221968	239	1.1e-07	84	190	1	96	0.552083333333333
GT31.hmm	192	Chytri1|Chytri1_469275	351	3.1e-10	2	116	63	198	0.59375
GT31.hmm	192	Chytri1|Chytri1_473427	474	2.3e-13	2	189	15	196	0.973958333333333
GT31.hmm	192	Chytri1|Chytri1_677181	529	4.1e-15	62	191	266	387	0.671875
GT31.hmm	192	Chytri1|Chytri1_677263	449	2.5e-15	62	191	170	294	0.671875
GT31.hmm	192	Chytri1|Chytri1_833913	387	2.9e-09	2	79	137	211	0.401041666666667
GT31.hmm	192	Chytri1|Chytri1_833913	387	3.1e-09	76	187	232	326	0.578125
GT32.hmm	90	Chytri1|Chytri1_1078235	433	6.9e-19	5	87	203	281	0.911111111111111
GT32.hmm	90	Chytri1|Chytri1_1079218	174	3.8e-19	2	85	75	156	0.922222222222222
GT32.hmm	90	Chytri1|Chytri1_1085122	359	1.6e-15	7	86	83	167	0.877777777777778
GT32.hmm	90	Chytri1|Chytri1_1099456	354	8.1e-21	6	86	104	180	0.888888888888889
GT32.hmm	90	Chytri1|Chytri1_1099469	324	6.2e-22	2	88	103	184	0.955555555555556
GT32.hmm	90	Chytri1|Chytri1_1106885	128	2.7e-12	51	88	2	39	0.411111111111111
GT32.hmm	90	Chytri1|Chytri1_1112286	454	6.1e-10	2	83	171	277	0.9
GT32.hmm	90	Chytri1|Chytri1_1119400	381	1e-24	7	88	137	214	0.9
GT32.hmm	90	Chytri1|Chytri1_1131886	330	3.9e-20	7	86	97	173	0.877777777777778
GT32.hmm	90	Chytri1|Chytri1_1136056	438	1.5e-13	24	86	2	62	0.688888888888889
GT32.hmm	90	Chytri1|Chytri1_1140746	656	2e-16	6	87	134	212	0.9
GT32.hmm	90	Chytri1|Chytri1_1140746	656	3.1e-09	5	86	433	511	0.9
GT32.hmm	90	Chytri1|Chytri1_1146459	237	4.6e-08	2	83	12	123	0.9
GT32.hmm	90	Chytri1|Chytri1_1146461	368	1.5e-11	2	83	78	189	0.9
GT32.hmm	90	Chytri1|Chytri1_1150633	262	4.7e-25	3	88	32	112	0.944444444444444
GT32.hmm	90	Chytri1|Chytri1_1153640	245	1.5e-18	8	89	7	83	0.9
GT32.hmm	90	Chytri1|Chytri1_1164331	309	1.9e-07	48	83	108	143	0.388888888888889
GT32.hmm	90	Chytri1|Chytri1_1164641	271	1.8e-20	7	87	45	120	0.888888888888889
GT32.hmm	90	Chytri1|Chytri1_1166434	297	2.9e-17	7	88	117	194	0.9
GT32.hmm	90	Chytri1|Chytri1_1167516	324	5.7e-19	5	84	90	167	0.877777777777778
GT32.hmm	90	Chytri1|Chytri1_1167765	423	1.2e-07	51	83	200	232	0.355555555555556
GT32.hmm	90	Chytri1|Chytri1_1172796	470	2e-22	2	89	23	105	0.966666666666667
GT32.hmm	90	Chytri1|Chytri1_1187146	601	3.7e-16	7	86	115	190	0.877777777777778
GT32.hmm	90	Chytri1|Chytri1_1206470	294	6.3e-24	5	88	65	143	0.922222222222222
GT32.hmm	90	Chytri1|Chytri1_1225193	387	1.3e-08	3	86	104	208	0.922222222222222
GT32.hmm	90	Chytri1|Chytri1_1227567	669	1.4e-16	6	87	153	230	0.9
GT32.hmm	90	Chytri1|Chytri1_1227567	669	7.6e-13	2	88	434	516	0.955555555555556
GT32.hmm	90	Chytri1|Chytri1_1231639	634	2.7e-14	4	86	409	487	0.911111111111111
GT32.hmm	90	Chytri1|Chytri1_1231639	634	5.2e-08	4	86	132	210	0.911111111111111
GT32.hmm	90	Chytri1|Chytri1_423200	686	5.1e-09	48	80	351	384	0.355555555555556
GT32.hmm	90	Chytri1|Chytri1_758886	358	9.5e-06	5	84	141	243	0.877777777777778
GT32.hmm	90	Chytri1|Chytri1_839884	193	1.9e-15	11	84	16	84	0.811111111111111
GT32.hmm	90	Chytri1|Chytri1_839917	172	5.6e-20	14	89	2	72	0.833333333333333
GT33.hmm	425	Chytri1|Chytri1_1158992	368	8.8e-105	3	323	32	366	0.752941176470588
GT35.hmm	674	Chytri1|Chytri1_1065735	876	1.1e-275	1	674	152	868	0.998516320474777
GT35.hmm	674	Chytri1|Chytri1_1161546	876	1.5e-275	1	674	152	868	0.998516320474777
GT39.hmm	223	Chytri1|Chytri1_1039171	158	2.1e-38	29	161	1	158	0.591928251121076
GT39.hmm	223	Chytri1|Chytri1_1073222	556	7.7e-23	115	223	2	112	0.484304932735426
GT39.hmm	223	Chytri1|Chytri1_1073576	143	3.9e-34	29	140	1	127	0.497757847533632
GT39.hmm	223	Chytri1|Chytri1_1095337	720	2.5e-56	3	223	52	292	0.986547085201794
GT39.hmm	223	Chytri1|Chytri1_1096507	734	3.7e-58	2	223	51	291	0.991031390134529
GT39.hmm	223	Chytri1|Chytri1_1144084	712	8e-42	2	223	21	258	0.991031390134529
GT39.hmm	223	Chytri1|Chytri1_1162306	703	3.1e-57	2	223	2	235	0.991031390134529
GT39.hmm	223	Chytri1|Chytri1_1162665	694	1.1e-52	2	223	29	262	0.991031390134529
GT39.hmm	223	Chytri1|Chytri1_1166641	813	3.1e-67	2	223	83	324	0.991031390134529
GT39.hmm	223	Chytri1|Chytri1_1169931	911	3.4e-30	112	223	249	362	0.497757847533632
GT39.hmm	223	Chytri1|Chytri1_1169931	911	5.9e-29	2	89	54	158	0.390134529147982
GT39.hmm	223	Chytri1|Chytri1_448379	740	1.1e-66	2	223	58	299	0.991031390134529
GT39.hmm	223	Chytri1|Chytri1_613502	759	3e-69	2	223	54	294	0.991031390134529
GT4.hmm	160	Chytri1|Chytri1_1058906	496	3.1e-22	7	158	286	454	0.94375
GT4.hmm	160	Chytri1|Chytri1_1103422	482	9.2e-33	7	150	239	408	0.89375
GT4.hmm	160	Chytri1|Chytri1_1113403	782	4.3e-07	38	138	586	681	0.625
GT4.hmm	160	Chytri1|Chytri1_1115899	516	3.1e-27	8	156	278	449	0.925
GT4.hmm	160	Chytri1|Chytri1_1118962	74	0.00029	71	130	2	61	0.36875
GT4.hmm	160	Chytri1|Chytri1_1120320	449	1.3e-34	6	150	214	356	0.9
GT4.hmm	160	Chytri1|Chytri1_1127932	511	1.5e-06	34	139	320	425	0.65625
GT4.hmm	160	Chytri1|Chytri1_1133904	378	8.6e-06	33	136	186	289	0.64375
GT4.hmm	160	Chytri1|Chytri1_1153157	497	8.7e-06	26	139	303	421	0.70625
GT4.hmm	160	Chytri1|Chytri1_1172618	362	1e-16	8	156	165	324	0.925
GT4.hmm	160	Chytri1|Chytri1_1192216	487	2.3e-27	8	157	249	421	0.93125
GT4.hmm	160	Chytri1|Chytri1_1215725	518	4.7e-06	41	136	335	429	0.59375
GT4.hmm	160	Chytri1|Chytri1_1219258	1336	3.8e-12	8	124	1076	1214	0.725
GT4.hmm	160	Chytri1|Chytri1_392047	386	2.6e-07	33	137	194	298	0.65
GT4.hmm	160	Chytri1|Chytri1_544617	459	3.1e-10	10	124	169	342	0.7125
GT4.hmm	160	Chytri1|Chytri1_855751	508	5.9e-06	33	135	306	408	0.6375
GT47.hmm	296	Chytri1|Chytri1_1096793	196	5.9e-08	172	283	38	166	0.375
GT47.hmm	296	Chytri1|Chytri1_1167994	358	4.4e-06	178	270	204	308	0.310810810810811
GT47.hmm	296	Chytri1|Chytri1_230594	388	1e-08	172	276	231	350	0.351351351351351
GT47.hmm	296	Chytri1|Chytri1_230780	422	1.9e-08	170	279	266	387	0.368243243243243
GT47.hmm	296	Chytri1|Chytri1_520404	367	9.3e-45	63	296	44	316	0.787162162162162
GT50.hmm	262	Chytri1|Chytri1_1165320	507	1.6e-88	1	260	180	493	0.988549618320611
GT57.hmm	481	Chytri1|Chytri1_1150268	513	2.6e-164	3	480	26	507	0.991683991683992
GT57.hmm	481	Chytri1|Chytri1_1171114	548	2.3e-136	2	479	62	525	0.991683991683992
GT58.hmm	364	Chytri1|Chytri1_1260912	412	1.4e-135	4	364	17	369	0.989010989010989
GT59.hmm	404	Chytri1|Chytri1_1142545	455	3.6e-117	2	404	25	408	0.995049504950495
GT60.hmm	330	Chytri1|Chytri1_1153690	620	6.9e-48	1	327	289	617	0.987878787878788
GT61.hmm	242	Chytri1|Chytri1_1067253	603	2.5e-08	73	240	114	333	0.690082644628099
GT61.hmm	242	Chytri1|Chytri1_350020	419	1.2e-06	69	191	11	150	0.504132231404959
GT64.hmm	248	Chytri1|Chytri1_1055549	225	3.2e-47	2	191	4	214	0.762096774193548
GT64.hmm	248	Chytri1|Chytri1_1064947	310	9.8e-52	2	239	33	280	0.955645161290323
GT64.hmm	248	Chytri1|Chytri1_1103583	320	3.8e-50	2	239	62	317	0.955645161290323
GT64.hmm	248	Chytri1|Chytri1_1170164	318	8.6e-48	2	238	61	314	0.951612903225806
GT64.hmm	248	Chytri1|Chytri1_1172667	392	1.8e-26	122	241	235	364	0.479838709677419
GT64.hmm	248	Chytri1|Chytri1_1172667	392	2e-27	2	115	74	200	0.455645161290323
GT64.hmm	248	Chytri1|Chytri1_326799	1079	2e-33	5	243	794	1043	0.959677419354839
GT64.hmm	248	Chytri1|Chytri1_516139	347	3.4e-52	2	240	84	337	0.959677419354839
GT66.hmm	693	Chytri1|Chytri1_1072594	697	1.2e-185	6	599	14	664	0.855699855699856
GT68.hmm	350	Chytri1|Chytri1_1080191	360	7e-14	195	343	187	353	0.422857142857143
GT69.hmm	239	Chytri1|Chytri1_1170272	479	6.4e-07	98	202	232	356	0.435146443514644
GT71.hmm	264	Chytri1|Chytri1_1040266	302	1.6e-43	2	264	28	272	0.992424242424242
GT71.hmm	264	Chytri1|Chytri1_1068809	365	7.6e-38	1	251	29	260	0.946969696969697
GT71.hmm	264	Chytri1|Chytri1_1113116	573	2.8e-28	4	264	253	494	0.984848484848485
GT71.hmm	264	Chytri1|Chytri1_1132031	354	3.4e-46	3	264	13	267	0.988636363636364
GT71.hmm	264	Chytri1|Chytri1_1134030	519	5.3e-47	2	261	174	411	0.981060606060606
GT71.hmm	264	Chytri1|Chytri1_1147819	616	7.3e-43	2	259	270	510	0.973484848484849
GT71.hmm	264	Chytri1|Chytri1_1147821	595	3.5e-46	2	257	250	487	0.965909090909091
GT71.hmm	264	Chytri1|Chytri1_1152347	632	1.6e-35	3	264	295	553	0.988636363636364
GT71.hmm	264	Chytri1|Chytri1_1153707	544	2.1e-40	3	259	204	439	0.96969696969697
GT71.hmm	264	Chytri1|Chytri1_1163245	642	1.3e-34	3	264	308	560	0.988636363636364
GT71.hmm	264	Chytri1|Chytri1_1168832	945	1.4e-26	1	244	612	850	0.920454545454545
GT71.hmm	264	Chytri1|Chytri1_1173412	613	2e-14	8	262	3	231	0.962121212121212
GT71.hmm	264	Chytri1|Chytri1_1173412	613	3e-43	61	263	342	520	0.765151515151515
GT71.hmm	264	Chytri1|Chytri1_401150	501	5.6e-43	2	264	124	370	0.992424242424242
GT71.hmm	264	Chytri1|Chytri1_515250	326	3.7e-38	18	264	3	240	0.931818181818182
GT71.hmm	264	Chytri1|Chytri1_646537	621	3.8e-14	2	122	297	432	0.454545454545455
GT71.hmm	264	Chytri1|Chytri1_646537	621	5.8e-06	164	257	438	536	0.352272727272727
GT71.hmm	264	Chytri1|Chytri1_646814	664	1.2e-31	1	257	304	564	0.96969696969697
GT71.hmm	264	Chytri1|Chytri1_705548	639	1.2e-35	2	258	300	542	0.96969696969697
GT71.hmm	264	Chytri1|Chytri1_783561	861	3.3e-16	2	196	621	804	0.734848484848485
GT71.hmm	264	Chytri1|Chytri1_784927	745	1.4e-43	2	259	312	550	0.973484848484849
GT71.hmm	264	Chytri1|Chytri1_784953	434	1.2e-41	3	259	92	329	0.96969696969697
GT71.hmm	264	Chytri1|Chytri1_817682	415	1.6e-41	3	264	79	336	0.988636363636364
GT76.hmm	407	Chytri1|Chytri1_1256023	424	1.8e-105	38	407	35	423	0.906633906633907
GT8.hmm	257	Chytri1|Chytri1_1061794	280	4e-45	32	254	2	248	0.863813229571984
GT8.hmm	257	Chytri1|Chytri1_1061797	290	2.5e-45	27	254	4	255	0.883268482490272
GT8.hmm	257	Chytri1|Chytri1_1069242	242	8.3e-27	30	234	4	228	0.793774319066148
GT8.hmm	257	Chytri1|Chytri1_1083227	510	3.8e-19	39	241	45	239	0.785992217898833
GT8.hmm	257	Chytri1|Chytri1_1085706	531	5e-34	30	256	4	261	0.879377431906615
GT8.hmm	257	Chytri1|Chytri1_1098486	1217	3.5e-16	45	234	239	420	0.735408560311284
GT8.hmm	257	Chytri1|Chytri1_1098486	1217	4.8e-16	55	236	782	964	0.704280155642023
GT8.hmm	257	Chytri1|Chytri1_1105529	517	1.1e-17	36	237	89	291	0.782101167315175
GT8.hmm	257	Chytri1|Chytri1_1106046	284	2.6e-45	27	254	6	257	0.883268482490272
GT8.hmm	257	Chytri1|Chytri1_1118410	575	5.6e-12	53	235	132	311	0.708171206225681
GT8.hmm	257	Chytri1|Chytri1_1163552	586	5.9e-20	106	235	180	318	0.501945525291829
GT8.hmm	257	Chytri1|Chytri1_1167745	367	3.1e-17	29	254	57	315	0.875486381322957
GT8.hmm	257	Chytri1|Chytri1_1241365	309	1.1e-39	30	255	9	258	0.875486381322957
GT8.hmm	257	Chytri1|Chytri1_30924	544	1.8e-11	58	255	128	319	0.766536964980545
GT8.hmm	257	Chytri1|Chytri1_342874	527	4e-17	54	239	121	305	0.719844357976654
GT8.hmm	257	Chytri1|Chytri1_39838	477	5.7e-20	53	235	37	224	0.708171206225681
GT8.hmm	257	Chytri1|Chytri1_448508	172	2.3e-06	153	244	14	105	0.35408560311284
GT8.hmm	257	Chytri1|Chytri1_607242	511	3e-13	34	235	73	273	0.782101167315175
GT8.hmm	257	Chytri1|Chytri1_924615	288	8.4e-23	22	198	61	252	0.684824902723735
GT90.hmm	250	Chytri1|Chytri1_1042766	142	7.2e-33	120	247	17	142	0.508
GT90.hmm	250	Chytri1|Chytri1_1052414	101	9.5e-24	118	205	14	101	0.348
GT90.hmm	250	Chytri1|Chytri1_1055595	140	1.5e-33	120	247	15	140	0.508
GT90.hmm	250	Chytri1|Chytri1_1061413	131	8.7e-35	121	248	3	128	0.508
GT90.hmm	250	Chytri1|Chytri1_1066478	145	5.4e-37	118	248	14	142	0.52
GT90.hmm	250	Chytri1|Chytri1_1067925	81	1.5e-21	126	205	2	81	0.316
GT90.hmm	250	Chytri1|Chytri1_1104963	503	3.5e-50	15	248	248	501	0.932
GT90.hmm	250	Chytri1|Chytri1_1114497	484	4.1e-53	13	247	232	481	0.936
GT90.hmm	250	Chytri1|Chytri1_1118202	488	1.4e-48	18	248	240	485	0.92
GT90.hmm	250	Chytri1|Chytri1_1132978	489	2.3e-46	15	247	227	475	0.928
GT90.hmm	250	Chytri1|Chytri1_1133013	474	1.4e-50	11	247	216	470	0.944
GT90.hmm	250	Chytri1|Chytri1_1146405	481	1.2e-53	19	248	225	474	0.916
GT90.hmm	250	Chytri1|Chytri1_1149998	96	1e-23	161	248	8	93	0.348
GT90.hmm	250	Chytri1|Chytri1_1156147	466	3.9e-53	21	249	216	462	0.912
GT90.hmm	250	Chytri1|Chytri1_1163435	609	7.2e-38	22	241	215	463	0.876
GT90.hmm	250	Chytri1|Chytri1_1166744	472	3.1e-50	16	248	206	457	0.928
GT90.hmm	250	Chytri1|Chytri1_1170547	440	1.1e-35	6	247	187	428	0.964
GT90.hmm	250	Chytri1|Chytri1_1170633	512	4.3e-47	13	248	266	509	0.94
GT90.hmm	250	Chytri1|Chytri1_1173460	444	4.3e-51	14	248	202	439	0.936
GT90.hmm	250	Chytri1|Chytri1_1262792	464	4.9e-54	16	247	209	459	0.924
GT90.hmm	250	Chytri1|Chytri1_29044	506	5.8e-52	8	248	245	503	0.96
GT90.hmm	250	Chytri1|Chytri1_536457	501	1.9e-52	14	248	244	498	0.936
GT90.hmm	250	Chytri1|Chytri1_827287	358	8.1e-14	15	103	216	303	0.352
PL7.hmm	231	Chytri1|Chytri1_1126367	270	4.6e-26	4	229	58	266	0.974025974025974
