AA4.hmm	522	Pirfi3|Pirfi3_345745	514	6.6e-25	15	241	30	251	0.432950191570881
AA6.hmm	195	Pirfi3|Pirfi3_323007	174	8.4e-06	10	94	27	115	0.430769230769231
AA6.hmm	195	Pirfi3|Pirfi3_411180	174	8.4e-06	10	94	27	115	0.430769230769231
AA6.hmm	195	Pirfi3|Pirfi3_411546	565	9.8e-09	2	92	370	442	0.461538461538462
AA6.hmm	195	Pirfi3|Pirfi3_414636	3647	0.00015	2	97	3145	3222	0.487179487179487
CBM1.hmm	29	Pirfi3|Pirfi3_158925	963	7e-07	2	28	927	954	0.896551724137931
CBM1.hmm	29	Pirfi3|Pirfi3_18130	396	2.5e-06	2	22	150	171	0.689655172413793
CBM1.hmm	29	Pirfi3|Pirfi3_18130	396	3.5e-05	2	29	273	301	0.931034482758621
CBM1.hmm	29	Pirfi3|Pirfi3_18130	396	9.9e-09	2	29	362	389	0.931034482758621
CBM1.hmm	29	Pirfi3|Pirfi3_221106	63	1.4e-13	2	29	26	53	0.931034482758621
CBM1.hmm	29	Pirfi3|Pirfi3_242943	326	2.5e-11	2	29	24	51	0.931034482758621
CBM1.hmm	29	Pirfi3|Pirfi3_270829	78	3.5e-13	2	29	49	75	0.931034482758621
CBM1.hmm	29	Pirfi3|Pirfi3_275708	162	1.1e-11	2	29	122	150	0.931034482758621
CBM1.hmm	29	Pirfi3|Pirfi3_276483	751	9.9e-08	2	29	715	742	0.931034482758621
CBM1.hmm	29	Pirfi3|Pirfi3_295272	395	1.6e-06	2	25	370	392	0.793103448275862
CBM1.hmm	29	Pirfi3|Pirfi3_297487	470	6.9e-14	1	29	25	53	0.96551724137931
CBM1.hmm	29	Pirfi3|Pirfi3_316168	1121	5.5e-06	2	29	1085	1113	0.931034482758621
CBM1.hmm	29	Pirfi3|Pirfi3_319506	322	2.8e-13	2	29	26	53	0.931034482758621
CBM1.hmm	29	Pirfi3|Pirfi3_320956	414	3.3e-13	2	29	27	54	0.931034482758621
CBM1.hmm	29	Pirfi3|Pirfi3_323189	386	2.6e-05	2	29	210	238	0.931034482758621
CBM1.hmm	29	Pirfi3|Pirfi3_323189	386	3e-05	5	25	342	363	0.689655172413793
CBM1.hmm	29	Pirfi3|Pirfi3_323190	487	1.7e-05	2	22	264	285	0.689655172413793
CBM1.hmm	29	Pirfi3|Pirfi3_323190	487	1e-05	5	29	455	480	0.827586206896552
CBM1.hmm	29	Pirfi3|Pirfi3_323190	487	4.7e-07	2	24	200	223	0.758620689655172
CBM1.hmm	29	Pirfi3|Pirfi3_323190	487	4.8e-07	2	24	141	164	0.758620689655172
CBM1.hmm	29	Pirfi3|Pirfi3_323194	712	0.00042	5	28	622	646	0.793103448275862
CBM1.hmm	29	Pirfi3|Pirfi3_323194	712	2.4e-09	2	28	670	697	0.896551724137931
CBM1.hmm	29	Pirfi3|Pirfi3_323194	712	3.3e-06	2	22	194	215	0.689655172413793
CBM1.hmm	29	Pirfi3|Pirfi3_323194	712	9.1e-06	2	29	316	344	0.931034482758621
CBM1.hmm	29	Pirfi3|Pirfi3_325544	328	5.5e-12	2	28	26	52	0.896551724137931
CBM1.hmm	29	Pirfi3|Pirfi3_328425	559	4.1e-06	1	26	31	56	0.862068965517241
CBM1.hmm	29	Pirfi3|Pirfi3_330892	867	1.8e-06	2	28	831	858	0.896551724137931
CBM1.hmm	29	Pirfi3|Pirfi3_334508	475	1.4e-10	2	28	162	188	0.896551724137931
CBM1.hmm	29	Pirfi3|Pirfi3_334624	309	6.4e-09	2	29	26	53	0.931034482758621
CBM1.hmm	29	Pirfi3|Pirfi3_334844	304	4.9e-12	2	29	26	53	0.931034482758621
CBM1.hmm	29	Pirfi3|Pirfi3_336178	357	1.2e-10	2	27	25	50	0.862068965517241
CBM1.hmm	29	Pirfi3|Pirfi3_336655	1042	1.2e-07	2	29	1003	1031	0.931034482758621
CBM1.hmm	29	Pirfi3|Pirfi3_336655	1042	1e-05	2	29	847	875	0.931034482758621
CBM1.hmm	29	Pirfi3|Pirfi3_337764	1098	4.5e-08	2	28	1060	1087	0.896551724137931
CBM1.hmm	29	Pirfi3|Pirfi3_341971	408	1.7e-12	2	29	376	402	0.931034482758621
CBM1.hmm	29	Pirfi3|Pirfi3_343430	964	2.8e-13	2	29	851	878	0.931034482758621
CBM1.hmm	29	Pirfi3|Pirfi3_343830	329	5.4e-11	2	29	26	53	0.931034482758621
CBM1.hmm	29	Pirfi3|Pirfi3_343913	505	1.1e-11	2	29	184	211	0.931034482758621
CBM1.hmm	29	Pirfi3|Pirfi3_348860	490	0.00055	2	29	208	237	0.931034482758621
CBM1.hmm	29	Pirfi3|Pirfi3_348860	490	3.3e-06	2	22	154	175	0.689655172413793
CBM1.hmm	29	Pirfi3|Pirfi3_348860	490	3.3e-06	2	22	253	274	0.689655172413793
CBM1.hmm	29	Pirfi3|Pirfi3_348860	490	4.6e-06	2	26	452	477	0.827586206896552
CBM1.hmm	29	Pirfi3|Pirfi3_350201	1103	1.3e-05	2	29	1066	1094	0.931034482758621
CBM1.hmm	29	Pirfi3|Pirfi3_350406	549	3.5e-14	2	29	26	53	0.931034482758621
CBM1.hmm	29	Pirfi3|Pirfi3_350623	577	0.00067	5	28	543	567	0.793103448275862
CBM1.hmm	29	Pirfi3|Pirfi3_356600	777	1.9e-14	1	29	744	772	0.96551724137931
CBM1.hmm	29	Pirfi3|Pirfi3_358284	362	6.7e-11	1	28	329	355	0.931034482758621
CBM1.hmm	29	Pirfi3|Pirfi3_359929	962	9.9e-10	4	28	659	682	0.827586206896552
CBM1.hmm	29	Pirfi3|Pirfi3_359933	338	8.9e-11	2	28	27	53	0.896551724137931
CBM1.hmm	29	Pirfi3|Pirfi3_360585	418	3.4e-10	2	29	387	413	0.931034482758621
CBM1.hmm	29	Pirfi3|Pirfi3_370997	339	2e-06	9	29	12	32	0.689655172413793
CBM1.hmm	29	Pirfi3|Pirfi3_375067	339	2e-06	9	29	12	32	0.689655172413793
CBM1.hmm	29	Pirfi3|Pirfi3_402681	489	3.6e-11	1	29	456	483	0.96551724137931
CBM1.hmm	29	Pirfi3|Pirfi3_403776	1174	0.00024	2	23	748	770	0.724137931034483
CBM1.hmm	29	Pirfi3|Pirfi3_403776	1174	4e-08	2	28	1128	1155	0.896551724137931
CBM1.hmm	29	Pirfi3|Pirfi3_403776	1174	6.3e-06	2	29	1017	1045	0.931034482758621
CBM1.hmm	29	Pirfi3|Pirfi3_404577	319	6.5e-13	2	29	25	52	0.931034482758621
CBM1.hmm	29	Pirfi3|Pirfi3_405859	399	9.5e-13	2	29	23	50	0.931034482758621
CBM1.hmm	29	Pirfi3|Pirfi3_405956	725	3.2e-13	2	28	694	719	0.896551724137931
CBM1.hmm	29	Pirfi3|Pirfi3_407090	388	4e-11	2	29	26	53	0.931034482758621
CBM1.hmm	29	Pirfi3|Pirfi3_407493	108	1e-14	1	29	74	102	0.96551724137931
CBM1.hmm	29	Pirfi3|Pirfi3_409102	340	5.1e-11	2	29	305	333	0.931034482758621
CBM1.hmm	29	Pirfi3|Pirfi3_414308	559	1.2e-14	2	29	26	53	0.931034482758621
CBM1.hmm	29	Pirfi3|Pirfi3_415882	425	7.4e-12	2	28	26	52	0.896551724137931
CBM1.hmm	29	Pirfi3|Pirfi3_416597	401	1.1e-11	2	29	369	395	0.931034482758621
CBM1.hmm	29	Pirfi3|Pirfi3_579624	435	2.8e-10	2	28	404	429	0.896551724137931
CBM1.hmm	29	Pirfi3|Pirfi3_580210	722	6.3e-09	2	29	685	713	0.931034482758621
CBM1.hmm	29	Pirfi3|Pirfi3_580574	470	7.5e-12	1	28	437	463	0.931034482758621
CBM1.hmm	29	Pirfi3|Pirfi3_580575	315	2.4e-12	2	29	284	310	0.931034482758621
CBM1.hmm	29	Pirfi3|Pirfi3_580576	501	1.9e-12	1	29	469	496	0.96551724137931
CBM1.hmm	29	Pirfi3|Pirfi3_582289	807	1.1e-14	1	29	774	802	0.96551724137931
CBM1.hmm	29	Pirfi3|Pirfi3_582711	467	1.3e-16	1	29	434	462	0.96551724137931
CBM1.hmm	29	Pirfi3|Pirfi3_582817	871	1.6e-09	2	29	834	862	0.931034482758621
CBM1.hmm	29	Pirfi3|Pirfi3_584846	425	1.7e-12	2	29	394	420	0.931034482758621
CBM1.hmm	29	Pirfi3|Pirfi3_584847	350	5e-11	1	29	318	345	0.96551724137931
CBM1.hmm	29	Pirfi3|Pirfi3_585422	957	4e-12	2	29	805	832	0.931034482758621
CBM1.hmm	29	Pirfi3|Pirfi3_585422	957	7.1e-12	2	29	921	948	0.931034482758621
CBM1.hmm	29	Pirfi3|Pirfi3_586264	428	7.5e-12	1	29	396	423	0.96551724137931
CBM1.hmm	29	Pirfi3|Pirfi3_586677	315	2.4e-12	2	29	284	310	0.931034482758621
CBM1.hmm	29	Pirfi3|Pirfi3_586678	315	2.4e-12	2	29	284	310	0.931034482758621
CBM1.hmm	29	Pirfi3|Pirfi3_586679	313	2.4e-12	2	29	282	308	0.931034482758621
CBM1.hmm	29	Pirfi3|Pirfi3_587455	428	1.6e-11	2	29	396	422	0.931034482758621
CBM1.hmm	29	Pirfi3|Pirfi3_587578	428	2.6e-12	2	29	24	51	0.931034482758621
CBM1.hmm	29	Pirfi3|Pirfi3_587606	169	9.4e-14	1	29	136	164	0.96551724137931
CBM1.hmm	29	Pirfi3|Pirfi3_587766	1049	1.2e-09	2	29	861	888	0.931034482758621
CBM1.hmm	29	Pirfi3|Pirfi3_587766	1049	1.6e-10	2	29	1002	1029	0.931034482758621
CBM1.hmm	29	Pirfi3|Pirfi3_587766	1049	1.6e-10	2	29	934	961	0.931034482758621
CBM1.hmm	29	Pirfi3|Pirfi3_588798	315	2.4e-12	2	29	284	310	0.931034482758621
CBM1.hmm	29	Pirfi3|Pirfi3_588799	284	2.1e-12	2	29	253	279	0.931034482758621
CBM1.hmm	29	Pirfi3|Pirfi3_588920	807	1.1e-14	1	29	774	802	0.96551724137931
CBM1.hmm	29	Pirfi3|Pirfi3_61317	399	1.8e-12	1	29	367	394	0.96551724137931
CBM10.hmm	28	Pirfi3|Pirfi3_271621	81	0.00066	7	27	6	34	0.714285714285714
CBM10.hmm	28	Pirfi3|Pirfi3_275109	801	0.00088	4	27	713	743	0.821428571428571
CBM10.hmm	28	Pirfi3|Pirfi3_310469	120	0.00071	12	28	23	46	0.571428571428571
CBM10.hmm	28	Pirfi3|Pirfi3_323010	351	1.8e-05	8	27	23	50	0.678571428571429
CBM10.hmm	28	Pirfi3|Pirfi3_339078	783	7e-06	7	28	705	733	0.75
CBM10.hmm	28	Pirfi3|Pirfi3_339727	497	1.3e-08	5	28	347	378	0.821428571428571
CBM10.hmm	28	Pirfi3|Pirfi3_370970	655	0.00012	12	27	378	397	0.535714285714286
CBM10.hmm	28	Pirfi3|Pirfi3_408635	801	0.00083	4	27	713	743	0.821428571428571
CBM10.hmm	28	Pirfi3|Pirfi3_582491	589	3.3e-06	8	28	513	540	0.714285714285714
CBM10.hmm	28	Pirfi3|Pirfi3_582937	344	0.00015	7	27	24	52	0.714285714285714
CBM10.hmm	28	Pirfi3|Pirfi3_585376	866	4.3e-05	6	28	832	861	0.785714285714286
CBM10.hmm	28	Pirfi3|Pirfi3_585568	602	0.00023	7	27	21	48	0.714285714285714
CBM10.hmm	28	Pirfi3|Pirfi3_98680	1073	0.00063	7	28	997	1025	0.75
CBM12.hmm	34	Pirfi3|Pirfi3_300333	223	9.9e-05	2	27	3	28	0.735294117647059
CBM12.hmm	34	Pirfi3|Pirfi3_586815	403	6.2e-09	2	31	4	34	0.852941176470588
CBM12.hmm	34	Pirfi3|Pirfi3_586816	219	6.3e-05	3	34	5	37	0.911764705882353
CBM12.hmm	34	Pirfi3|Pirfi3_586819	267	9.1e-09	2	34	4	37	0.941176470588235
CBM12.hmm	34	Pirfi3|Pirfi3_588809	403	6.2e-09	2	31	4	34	0.852941176470588
CBM12.hmm	34	Pirfi3|Pirfi3_588810	219	6.3e-05	3	34	5	37	0.911764705882353
CBM12.hmm	34	Pirfi3|Pirfi3_588813	267	9.1e-09	2	34	4	37	0.941176470588235
CBM13.hmm	188	Pirfi3|Pirfi3_254788	125	4.9e-08	6	109	26	125	0.547872340425532
CBM13.hmm	188	Pirfi3|Pirfi3_290894	522	4.5e-07	17	135	439	511	0.627659574468085
CBM13.hmm	188	Pirfi3|Pirfi3_291057	270	6.2e-07	4	134	138	257	0.691489361702128
CBM13.hmm	188	Pirfi3|Pirfi3_312201	136	6.4e-08	6	109	37	136	0.547872340425532
CBM13.hmm	188	Pirfi3|Pirfi3_338792	543	6e-24	4	140	115	257	0.723404255319149
CBM13.hmm	188	Pirfi3|Pirfi3_342184	1058	3.9e-21	4	138	120	259	0.712765957446808
CBM13.hmm	188	Pirfi3|Pirfi3_371015	1345	4.8e-20	4	134	1184	1320	0.691489361702128
CBM13.hmm	188	Pirfi3|Pirfi3_403819	722	3.8e-07	19	135	401	517	0.617021276595745
CBM13.hmm	188	Pirfi3|Pirfi3_403819	722	6.7e-24	48	151	521	626	0.547872340425532
CBM13.hmm	188	Pirfi3|Pirfi3_410699	223	2.9e-05	23	92	144	217	0.367021276595745
CBM13.hmm	188	Pirfi3|Pirfi3_414769	737	4.1e-33	4	186	445	628	0.968085106382979
CBM13.hmm	188	Pirfi3|Pirfi3_579707	607	2.4e-20	4	144	369	515	0.74468085106383
CBM13.hmm	188	Pirfi3|Pirfi3_580168	607	6e-18	4	152	362	516	0.787234042553192
CBM13.hmm	188	Pirfi3|Pirfi3_580359	243	1.7e-12	11	141	106	235	0.691489361702128
CBM13.hmm	188	Pirfi3|Pirfi3_580420	545	2.7e-19	4	139	301	442	0.718085106382979
CBM13.hmm	188	Pirfi3|Pirfi3_582491	589	7e-18	5	143	43	185	0.734042553191489
CBM13.hmm	188	Pirfi3|Pirfi3_585464	795	1.4e-21	3	147	541	693	0.765957446808511
CBM13.hmm	188	Pirfi3|Pirfi3_586035	827	5.2e-23	4	146	585	733	0.75531914893617
CBM13.hmm	188	Pirfi3|Pirfi3_586944	539	1.4e-21	5	153	26	184	0.787234042553192
CBM13.hmm	188	Pirfi3|Pirfi3_587410	701	6.2e-24	4	141	509	656	0.728723404255319
CBM13.hmm	188	Pirfi3|Pirfi3_587411	701	6.2e-24	4	141	509	656	0.728723404255319
CBM13.hmm	188	Pirfi3|Pirfi3_587986	224	1.7e-19	6	139	34	178	0.707446808510638
CBM13.hmm	188	Pirfi3|Pirfi3_98680	1073	1.4e-17	6	139	462	598	0.707446808510638
CBM18.hmm	38	Pirfi3|Pirfi3_161240	1001	5.2e-08	1	36	960	994	0.921052631578947
CBM18.hmm	38	Pirfi3|Pirfi3_161240	1001	8.7e-08	2	36	879	912	0.894736842105263
CBM18.hmm	38	Pirfi3|Pirfi3_170541	387	1.7e-09	2	35	347	379	0.868421052631579
CBM18.hmm	38	Pirfi3|Pirfi3_217588	104	1.4e-09	2	36	67	99	0.894736842105263
CBM18.hmm	38	Pirfi3|Pirfi3_217588	104	8.1e-10	1	36	1	34	0.921052631578947
CBM18.hmm	38	Pirfi3|Pirfi3_223855	64	1.2e-11	2	35	26	60	0.868421052631579
CBM18.hmm	38	Pirfi3|Pirfi3_226001	64	3.8e-12	1	35	25	60	0.894736842105263
CBM18.hmm	38	Pirfi3|Pirfi3_238501	64	3.8e-12	1	35	25	60	0.894736842105263
CBM18.hmm	38	Pirfi3|Pirfi3_238520	63	3e-10	1	35	25	57	0.894736842105263
CBM18.hmm	38	Pirfi3|Pirfi3_241568	64	3.8e-12	1	35	25	60	0.894736842105263
CBM18.hmm	38	Pirfi3|Pirfi3_243684	102	1.5e-11	2	36	7	40	0.894736842105263
CBM18.hmm	38	Pirfi3|Pirfi3_243684	102	9.5e-12	2	36	64	97	0.894736842105263
CBM18.hmm	38	Pirfi3|Pirfi3_244149	64	3.8e-12	1	35	25	60	0.894736842105263
CBM18.hmm	38	Pirfi3|Pirfi3_246757	74	0.00056	6	23	57	74	0.447368421052632
CBM18.hmm	38	Pirfi3|Pirfi3_246757	74	5.4e-07	2	36	1	33	0.894736842105263
CBM18.hmm	38	Pirfi3|Pirfi3_247270	242	0.0003	1	35	103	137	0.894736842105263
CBM18.hmm	38	Pirfi3|Pirfi3_247270	242	1.8e-06	2	36	202	236	0.894736842105263
CBM18.hmm	38	Pirfi3|Pirfi3_247270	242	2.6e-08	7	35	4	34	0.736842105263158
CBM18.hmm	38	Pirfi3|Pirfi3_247270	242	7.5e-08	1	36	155	190	0.921052631578947
CBM18.hmm	38	Pirfi3|Pirfi3_247270	242	7.6e-06	1	35	52	86	0.894736842105263
CBM18.hmm	38	Pirfi3|Pirfi3_249292	120	1.7e-11	1	36	79	114	0.921052631578947
CBM18.hmm	38	Pirfi3|Pirfi3_249292	120	3.6e-07	1	36	31	66	0.921052631578947
CBM18.hmm	38	Pirfi3|Pirfi3_251177	120	1.7e-11	1	36	79	114	0.921052631578947
CBM18.hmm	38	Pirfi3|Pirfi3_251177	120	3.6e-07	1	36	31	66	0.921052631578947
CBM18.hmm	38	Pirfi3|Pirfi3_254071	92	6.4e-09	1	37	54	88	0.947368421052632
CBM18.hmm	38	Pirfi3|Pirfi3_257696	87	0.00044	2	37	50	82	0.921052631578947
CBM18.hmm	38	Pirfi3|Pirfi3_264461	249	1.1e-10	2	36	53	88	0.894736842105263
CBM18.hmm	38	Pirfi3|Pirfi3_264461	249	1.9e-10	2	36	157	192	0.894736842105263
CBM18.hmm	38	Pirfi3|Pirfi3_264461	249	3.1e-09	2	36	4	36	0.894736842105263
CBM18.hmm	38	Pirfi3|Pirfi3_264461	249	5.3e-12	2	36	209	244	0.894736842105263
CBM18.hmm	38	Pirfi3|Pirfi3_264461	249	9.6e-11	2	36	105	140	0.894736842105263
CBM18.hmm	38	Pirfi3|Pirfi3_269210	192	4e-11	1	36	151	187	0.921052631578947
CBM18.hmm	38	Pirfi3|Pirfi3_277544	88	1.2e-07	3	36	47	81	0.868421052631579
CBM18.hmm	38	Pirfi3|Pirfi3_277544	88	7.3e-10	2	35	2	32	0.868421052631579
CBM18.hmm	38	Pirfi3|Pirfi3_280631	60	2.6e-10	1	36	21	54	0.921052631578947
CBM18.hmm	38	Pirfi3|Pirfi3_281073	373	1.8e-08	1	37	274	309	0.947368421052632
CBM18.hmm	38	Pirfi3|Pirfi3_281073	373	4.8e-07	1	36	330	365	0.921052631578947
CBM18.hmm	38	Pirfi3|Pirfi3_281073	373	6.9e-08	1	35	132	167	0.894736842105263
CBM18.hmm	38	Pirfi3|Pirfi3_281073	373	8.4e-08	1	36	219	253	0.921052631578947
CBM18.hmm	38	Pirfi3|Pirfi3_282151	55	5.2e-11	1	32	2	32	0.815789473684211
CBM18.hmm	38	Pirfi3|Pirfi3_285604	71	0.00064	21	35	3	19	0.368421052631579
CBM18.hmm	38	Pirfi3|Pirfi3_286257	383	1.7e-09	2	36	343	376	0.894736842105263
CBM18.hmm	38	Pirfi3|Pirfi3_286257	383	1e-08	1	35	75	108	0.894736842105263
CBM18.hmm	38	Pirfi3|Pirfi3_286257	383	4.6e-08	2	36	246	278	0.894736842105263
CBM18.hmm	38	Pirfi3|Pirfi3_286257	383	7.9e-10	2	36	153	185	0.894736842105263
CBM18.hmm	38	Pirfi3|Pirfi3_286881	53	1.2e-12	2	37	12	47	0.921052631578947
CBM18.hmm	38	Pirfi3|Pirfi3_287652	202	0.00016	2	36	152	195	0.894736842105263
CBM18.hmm	38	Pirfi3|Pirfi3_287652	202	1.5e-07	2	36	38	72	0.894736842105263
CBM18.hmm	38	Pirfi3|Pirfi3_287652	202	5.9e-07	2	36	79	113	0.894736842105263
CBM18.hmm	38	Pirfi3|Pirfi3_287652	202	5e-06	2	36	120	154	0.894736842105263
CBM18.hmm	38	Pirfi3|Pirfi3_287761	121	2.4e-11	2	35	79	113	0.868421052631579
CBM18.hmm	38	Pirfi3|Pirfi3_287951	88	8.7e-08	2	36	49	82	0.894736842105263
CBM18.hmm	38	Pirfi3|Pirfi3_291765	247	1.5e-10	1	36	77	112	0.921052631578947
CBM18.hmm	38	Pirfi3|Pirfi3_291765	247	2.5e-11	1	36	206	241	0.921052631578947
CBM18.hmm	38	Pirfi3|Pirfi3_291765	247	6.4e-07	2	35	29	62	0.868421052631579
CBM18.hmm	38	Pirfi3|Pirfi3_291765	247	6.9e-07	2	36	158	192	0.894736842105263
CBM18.hmm	38	Pirfi3|Pirfi3_292607	86	1.2e-12	1	36	45	79	0.921052631578947
CBM18.hmm	38	Pirfi3|Pirfi3_299830	215	1.8e-08	2	37	168	211	0.921052631578947
CBM18.hmm	38	Pirfi3|Pirfi3_300800	99	4e-06	15	37	3	25	0.578947368421053
CBM18.hmm	38	Pirfi3|Pirfi3_301076	57	5.2e-12	2	36	24	55	0.894736842105263
CBM18.hmm	38	Pirfi3|Pirfi3_305306	92	3e-07	10	35	1	26	0.657894736842105
CBM18.hmm	38	Pirfi3|Pirfi3_306038	115	2.3e-11	1	36	75	110	0.921052631578947
CBM18.hmm	38	Pirfi3|Pirfi3_306038	115	7.1e-07	2	36	27	61	0.894736842105263
CBM18.hmm	38	Pirfi3|Pirfi3_307900	130	2.6e-08	7	35	55	85	0.736842105263158
CBM18.hmm	38	Pirfi3|Pirfi3_307900	130	3.4e-08	5	36	85	118	0.815789473684211
CBM18.hmm	38	Pirfi3|Pirfi3_307900	130	6.7e-07	2	36	1	35	0.894736842105263
CBM18.hmm	38	Pirfi3|Pirfi3_308124	79	1.1e-08	1	37	14	50	0.947368421052632
CBM18.hmm	38	Pirfi3|Pirfi3_308627	247	1.3e-10	1	36	77	112	0.921052631578947
CBM18.hmm	38	Pirfi3|Pirfi3_308627	247	2.5e-11	1	36	206	241	0.921052631578947
CBM18.hmm	38	Pirfi3|Pirfi3_308627	247	6.4e-07	2	35	29	62	0.868421052631579
CBM18.hmm	38	Pirfi3|Pirfi3_308627	247	6.9e-07	2	36	158	192	0.894736842105263
CBM18.hmm	38	Pirfi3|Pirfi3_310402	299	0.00028	2	37	215	250	0.921052631578947
CBM18.hmm	38	Pirfi3|Pirfi3_310402	299	2.2e-06	7	36	86	117	0.763157894736842
CBM18.hmm	38	Pirfi3|Pirfi3_310402	299	2e-08	2	36	259	291	0.894736842105263
CBM18.hmm	38	Pirfi3|Pirfi3_314031	160	1.6e-07	1	36	11	46	0.921052631578947
CBM18.hmm	38	Pirfi3|Pirfi3_314031	160	2.9e-07	2	36	69	103	0.894736842105263
CBM18.hmm	38	Pirfi3|Pirfi3_314031	160	3.4e-10	2	36	119	151	0.894736842105263
CBM18.hmm	38	Pirfi3|Pirfi3_316526	880	1.8e-11	2	37	718	751	0.921052631578947
CBM18.hmm	38	Pirfi3|Pirfi3_316526	880	3.8e-11	2	36	777	809	0.894736842105263
CBM18.hmm	38	Pirfi3|Pirfi3_316526	880	5.3e-08	2	35	555	588	0.868421052631579
CBM18.hmm	38	Pirfi3|Pirfi3_316526	880	5.8e-07	2	35	840	872	0.868421052631579
CBM18.hmm	38	Pirfi3|Pirfi3_320461	1120	1.2e-05	2	36	104	138	0.894736842105263
CBM18.hmm	38	Pirfi3|Pirfi3_320461	1120	1.3e-06	2	36	145	179	0.894736842105263
CBM18.hmm	38	Pirfi3|Pirfi3_320461	1120	1.3e-06	2	36	309	343	0.894736842105263
CBM18.hmm	38	Pirfi3|Pirfi3_320461	1120	1.3e-06	2	36	350	384	0.894736842105263
CBM18.hmm	38	Pirfi3|Pirfi3_320461	1120	1e-06	4	36	473	507	0.842105263157895
CBM18.hmm	38	Pirfi3|Pirfi3_320461	1120	3.2e-06	2	35	22	55	0.868421052631579
CBM18.hmm	38	Pirfi3|Pirfi3_320461	1120	3.3e-06	4	36	268	302	0.842105263157895
CBM18.hmm	38	Pirfi3|Pirfi3_320461	1120	3.5e-06	4	36	63	97	0.842105263157895
CBM18.hmm	38	Pirfi3|Pirfi3_320461	1120	3.8e-06	2	35	227	260	0.868421052631579
CBM18.hmm	38	Pirfi3|Pirfi3_320461	1120	3.8e-06	2	35	432	465	0.868421052631579
CBM18.hmm	38	Pirfi3|Pirfi3_320461	1120	7.1e-05	2	35	514	547	0.868421052631579
CBM18.hmm	38	Pirfi3|Pirfi3_320461	1120	8.1e-06	2	36	186	220	0.894736842105263
CBM18.hmm	38	Pirfi3|Pirfi3_320461	1120	8.1e-06	2	36	391	425	0.894736842105263
CBM18.hmm	38	Pirfi3|Pirfi3_328285	444	2e-05	2	35	82	113	0.868421052631579
CBM18.hmm	38	Pirfi3|Pirfi3_328328	743	2e-08	2	35	703	735	0.868421052631579
CBM18.hmm	38	Pirfi3|Pirfi3_332929	347	2.1e-10	1	36	16	49	0.921052631578947
CBM18.hmm	38	Pirfi3|Pirfi3_332929	347	3.1e-09	2	36	89	121	0.894736842105263
CBM18.hmm	38	Pirfi3|Pirfi3_337163	438	1.1e-08	1	36	343	376	0.921052631578947
CBM18.hmm	38	Pirfi3|Pirfi3_337163	438	1.7e-09	2	36	399	431	0.894736842105263
CBM18.hmm	38	Pirfi3|Pirfi3_338194	1110	3.7e-08	2	36	988	1021	0.894736842105263
CBM18.hmm	38	Pirfi3|Pirfi3_338194	1110	5.9e-08	1	36	1069	1103	0.921052631578947
CBM18.hmm	38	Pirfi3|Pirfi3_342173	318	1.3e-07	1	35	164	198	0.894736842105263
CBM18.hmm	38	Pirfi3|Pirfi3_342173	318	1.4e-07	1	36	276	311	0.921052631578947
CBM18.hmm	38	Pirfi3|Pirfi3_342173	318	3.7e-07	2	36	225	259	0.894736842105263
CBM18.hmm	38	Pirfi3|Pirfi3_344561	491	1.4e-07	1	36	399	434	0.921052631578947
CBM18.hmm	38	Pirfi3|Pirfi3_344561	491	1.8e-07	1	35	451	483	0.894736842105263
CBM18.hmm	38	Pirfi3|Pirfi3_345242	268	2.2e-11	1	37	228	262	0.947368421052632
CBM18.hmm	38	Pirfi3|Pirfi3_346730	590	1.2e-07	1	36	387	422	0.921052631578947
CBM18.hmm	38	Pirfi3|Pirfi3_346730	590	1.4e-09	2	35	439	472	0.868421052631579
CBM18.hmm	38	Pirfi3|Pirfi3_346730	590	1.6e-08	2	36	324	358	0.894736842105263
CBM18.hmm	38	Pirfi3|Pirfi3_346730	590	6.4e-09	1	36	550	583	0.921052631578947
CBM18.hmm	38	Pirfi3|Pirfi3_346730	590	7.9e-08	2	36	492	526	0.894736842105263
CBM18.hmm	38	Pirfi3|Pirfi3_347588	744	2.8e-07	2	36	706	737	0.894736842105263
CBM18.hmm	38	Pirfi3|Pirfi3_347588	744	3.4e-09	2	36	640	672	0.894736842105263
CBM18.hmm	38	Pirfi3|Pirfi3_347588	744	8.5e-07	2	36	550	581	0.894736842105263
CBM18.hmm	38	Pirfi3|Pirfi3_349422	783	1.5e-07	1	36	629	664	0.921052631578947
CBM18.hmm	38	Pirfi3|Pirfi3_349422	783	2.4e-07	2	36	689	723	0.894736842105263
CBM18.hmm	38	Pirfi3|Pirfi3_349422	783	5.6e-08	2	36	742	776	0.894736842105263
CBM18.hmm	38	Pirfi3|Pirfi3_352125	345	4e-10	2	34	27	57	0.842105263157895
CBM18.hmm	38	Pirfi3|Pirfi3_352125	345	5.5e-10	1	36	81	114	0.921052631578947
CBM18.hmm	38	Pirfi3|Pirfi3_352674	1071	1.8e-06	2	36	797	831	0.894736842105263
CBM18.hmm	38	Pirfi3|Pirfi3_353947	411	3.4e-07	2	36	247	281	0.894736842105263
CBM18.hmm	38	Pirfi3|Pirfi3_353947	411	5e-07	2	36	329	363	0.894736842105263
CBM18.hmm	38	Pirfi3|Pirfi3_353947	411	6.6e-07	2	36	370	404	0.894736842105263
CBM18.hmm	38	Pirfi3|Pirfi3_353947	411	7.1e-07	2	36	288	322	0.894736842105263
CBM18.hmm	38	Pirfi3|Pirfi3_353947	411	9.3e-08	1	36	205	240	0.921052631578947
CBM18.hmm	38	Pirfi3|Pirfi3_353962	456	1.1e-08	3	36	369	402	0.868421052631579
CBM18.hmm	38	Pirfi3|Pirfi3_353962	456	3.1e-08	6	36	419	449	0.789473684210526
CBM18.hmm	38	Pirfi3|Pirfi3_353962	456	5.2e-08	2	35	324	354	0.868421052631579
CBM18.hmm	38	Pirfi3|Pirfi3_356589	688	4.5e-10	2	36	562	594	0.894736842105263
CBM18.hmm	38	Pirfi3|Pirfi3_356589	688	4e-10	1	36	648	681	0.921052631578947
CBM18.hmm	38	Pirfi3|Pirfi3_35980	722	1.1e-07	2	37	312	347	0.921052631578947
CBM18.hmm	38	Pirfi3|Pirfi3_35980	722	1.1e-08	2	36	353	387	0.894736842105263
CBM18.hmm	38	Pirfi3|Pirfi3_35980	722	1.3e-06	8	35	68	97	0.710526315789474
CBM18.hmm	38	Pirfi3|Pirfi3_35980	722	1.4e-06	3	37	393	429	0.894736842105263
CBM18.hmm	38	Pirfi3|Pirfi3_35980	722	1.7e-06	2	35	147	180	0.868421052631579
CBM18.hmm	38	Pirfi3|Pirfi3_35980	722	1.9e-07	1	35	557	591	0.894736842105263
CBM18.hmm	38	Pirfi3|Pirfi3_35980	722	2.9e-07	1	37	270	306	0.947368421052632
CBM18.hmm	38	Pirfi3|Pirfi3_35980	722	2.9e-07	1	37	475	511	0.947368421052632
CBM18.hmm	38	Pirfi3|Pirfi3_35980	722	3.2e-07	2	36	230	264	0.894736842105263
CBM18.hmm	38	Pirfi3|Pirfi3_35980	722	5e-07	2	36	105	139	0.894736842105263
CBM18.hmm	38	Pirfi3|Pirfi3_35980	722	7e-06	2	36	640	674	0.894736842105263
CBM18.hmm	38	Pirfi3|Pirfi3_35980	722	8.2e-07	2	36	599	633	0.894736842105263
CBM18.hmm	38	Pirfi3|Pirfi3_35980	722	8.2e-08	2	36	435	469	0.894736842105263
CBM18.hmm	38	Pirfi3|Pirfi3_35980	722	8.2e-08	2	36	517	551	0.894736842105263
CBM18.hmm	38	Pirfi3|Pirfi3_35980	722	9.9e-07	8	37	685	716	0.763157894736842
CBM18.hmm	38	Pirfi3|Pirfi3_360670	345	1.2e-08	1	36	81	114	0.921052631578947
CBM18.hmm	38	Pirfi3|Pirfi3_360670	345	1.6e-10	2	34	27	57	0.842105263157895
CBM18.hmm	38	Pirfi3|Pirfi3_362065	317	1.3e-09	6	34	111	139	0.736842105263158
CBM18.hmm	38	Pirfi3|Pirfi3_362065	317	1.5e-08	2	36	177	211	0.894736842105263
CBM18.hmm	38	Pirfi3|Pirfi3_362065	317	2.2e-09	2	35	277	308	0.868421052631579
CBM18.hmm	38	Pirfi3|Pirfi3_362065	317	9.4e-06	15	38	63	87	0.605263157894737
CBM18.hmm	38	Pirfi3|Pirfi3_362439	452	5.5e-06	2	36	410	443	0.894736842105263
CBM18.hmm	38	Pirfi3|Pirfi3_362439	452	5.7e-06	9	36	292	321	0.710526315789474
CBM18.hmm	38	Pirfi3|Pirfi3_362439	452	6.8e-06	2	37	328	363	0.921052631578947
CBM18.hmm	38	Pirfi3|Pirfi3_362439	452	8.6e-06	2	37	369	404	0.921052631578947
CBM18.hmm	38	Pirfi3|Pirfi3_362463	452	5.5e-06	2	36	410	443	0.894736842105263
CBM18.hmm	38	Pirfi3|Pirfi3_362463	452	6.2e-06	2	37	328	363	0.921052631578947
CBM18.hmm	38	Pirfi3|Pirfi3_362463	452	6.2e-06	2	37	369	404	0.921052631578947
CBM18.hmm	38	Pirfi3|Pirfi3_362463	452	6.3e-06	9	36	292	321	0.710526315789474
CBM18.hmm	38	Pirfi3|Pirfi3_362565	401	3.8e-06	2	35	129	162	0.868421052631579
CBM18.hmm	38	Pirfi3|Pirfi3_362565	401	4.1e-05	2	36	170	203	0.894736842105263
CBM18.hmm	38	Pirfi3|Pirfi3_362565	401	6.7e-06	2	35	88	121	0.868421052631579
CBM18.hmm	38	Pirfi3|Pirfi3_362565	401	8.5e-09	7	35	50	80	0.736842105263158
CBM18.hmm	38	Pirfi3|Pirfi3_363842	387	1.7e-09	2	35	347	379	0.868421052631579
CBM18.hmm	38	Pirfi3|Pirfi3_363842	387	1e-07	1	35	210	243	0.894736842105263
CBM18.hmm	38	Pirfi3|Pirfi3_364526	394	2.9e-07	1	36	28	63	0.921052631578947
CBM18.hmm	38	Pirfi3|Pirfi3_364904	1005	4.5e-06	2	36	574	616	0.894736842105263
CBM18.hmm	38	Pirfi3|Pirfi3_365290	348	3e-10	1	36	26	59	0.921052631578947
CBM18.hmm	38	Pirfi3|Pirfi3_365290	348	5.4e-09	2	36	77	109	0.894736842105263
CBM18.hmm	38	Pirfi3|Pirfi3_365541	857	2.3e-07	2	36	816	850	0.894736842105263
CBM18.hmm	38	Pirfi3|Pirfi3_365541	857	6.9e-08	1	36	753	788	0.921052631578947
CBM18.hmm	38	Pirfi3|Pirfi3_374966	123	8.8e-06	9	36	86	115	0.710526315789474
CBM18.hmm	38	Pirfi3|Pirfi3_375609	274	4.4e-07	2	37	235	268	0.921052631578947
CBM18.hmm	38	Pirfi3|Pirfi3_395124	664	1e-07	2	35	624	656	0.868421052631579
CBM18.hmm	38	Pirfi3|Pirfi3_395124	664	3.3e-11	2	36	554	586	0.894736842105263
CBM18.hmm	38	Pirfi3|Pirfi3_400625	193	2.9e-06	2	36	151	184	0.894736842105263
CBM18.hmm	38	Pirfi3|Pirfi3_400625	193	3.1e-06	2	37	110	145	0.921052631578947
CBM18.hmm	38	Pirfi3|Pirfi3_400625	193	3.8e-06	9	36	33	62	0.710526315789474
CBM18.hmm	38	Pirfi3|Pirfi3_400625	193	4.4e-06	2	37	69	104	0.921052631578947
CBM18.hmm	38	Pirfi3|Pirfi3_400648	132	2.2e-09	11	36	26	53	0.657894736842105
CBM18.hmm	38	Pirfi3|Pirfi3_400648	132	8.1e-08	1	36	90	125	0.921052631578947
CBM18.hmm	38	Pirfi3|Pirfi3_401646	812	4.5e-07	4	38	300	336	0.894736842105263
CBM18.hmm	38	Pirfi3|Pirfi3_401646	812	5.2e-08	5	38	212	246	0.868421052631579
CBM18.hmm	38	Pirfi3|Pirfi3_401646	812	6.2e-05	15	38	70	94	0.605263157894737
CBM18.hmm	38	Pirfi3|Pirfi3_401646	812	8.9e-08	5	38	163	197	0.868421052631579
CBM18.hmm	38	Pirfi3|Pirfi3_402198	347	1.6e-07	1	35	294	328	0.894736842105263
CBM18.hmm	38	Pirfi3|Pirfi3_405024	648	2e-09	1	36	608	641	0.921052631578947
CBM18.hmm	38	Pirfi3|Pirfi3_405024	648	3.3e-09	2	36	545	577	0.894736842105263
CBM18.hmm	38	Pirfi3|Pirfi3_407515	763	2.4e-06	2	36	141	175	0.894736842105263
CBM18.hmm	38	Pirfi3|Pirfi3_407515	763	2.7e-07	2	36	18	52	0.894736842105263
CBM18.hmm	38	Pirfi3|Pirfi3_407515	763	3.8e-06	2	36	59	93	0.894736842105263
CBM18.hmm	38	Pirfi3|Pirfi3_407515	763	3e-06	2	36	100	134	0.894736842105263
CBM18.hmm	38	Pirfi3|Pirfi3_407642	684	1.4e-10	2	36	572	604	0.894736842105263
CBM18.hmm	38	Pirfi3|Pirfi3_407642	684	4.3e-10	2	36	645	677	0.894736842105263
CBM18.hmm	38	Pirfi3|Pirfi3_408606	311	1.4e-08	1	35	194	228	0.894736842105263
CBM18.hmm	38	Pirfi3|Pirfi3_408719	932	1.5e-10	1	36	843	878	0.921052631578947
CBM18.hmm	38	Pirfi3|Pirfi3_408719	932	2.5e-09	2	36	892	926	0.894736842105263
CBM18.hmm	38	Pirfi3|Pirfi3_408719	932	2.9e-11	1	36	599	634	0.921052631578947
CBM18.hmm	38	Pirfi3|Pirfi3_408719	932	2.9e-11	1	36	648	683	0.921052631578947
CBM18.hmm	38	Pirfi3|Pirfi3_408719	932	6.4e-11	1	37	697	733	0.947368421052632
CBM18.hmm	38	Pirfi3|Pirfi3_408719	932	9.4e-11	1	37	794	830	0.947368421052632
CBM18.hmm	38	Pirfi3|Pirfi3_408719	932	9.7e-08	2	36	556	588	0.894736842105263
CBM18.hmm	38	Pirfi3|Pirfi3_408719	932	9.7e-11	1	36	746	781	0.921052631578947
CBM18.hmm	38	Pirfi3|Pirfi3_410717	710	1.3e-08	1	36	550	583	0.921052631578947
CBM18.hmm	38	Pirfi3|Pirfi3_410717	710	2.6e-10	2	36	671	703	0.894736842105263
CBM18.hmm	38	Pirfi3|Pirfi3_410717	710	3.5e-09	2	36	616	648	0.894736842105263
CBM18.hmm	38	Pirfi3|Pirfi3_411161	395	1.9e-07	2	36	356	388	0.894736842105263
CBM18.hmm	38	Pirfi3|Pirfi3_411161	395	2e-08	2	36	204	235	0.894736842105263
CBM18.hmm	38	Pirfi3|Pirfi3_411161	395	3.4e-07	2	36	78	109	0.894736842105263
CBM18.hmm	38	Pirfi3|Pirfi3_411161	395	5.5e-09	2	35	291	322	0.868421052631579
CBM18.hmm	38	Pirfi3|Pirfi3_411161	395	8.5e-09	2	36	33	65	0.894736842105263
CBM18.hmm	38	Pirfi3|Pirfi3_411161	395	8e-09	2	36	159	191	0.894736842105263
CBM18.hmm	38	Pirfi3|Pirfi3_411902	724	1.5e-08	1	37	642	676	0.947368421052632
CBM18.hmm	38	Pirfi3|Pirfi3_411906	624	2e-05	2	35	579	610	0.868421052631579
CBM18.hmm	38	Pirfi3|Pirfi3_412346	611	1.1e-09	4	32	108	136	0.736842105263158
CBM18.hmm	38	Pirfi3|Pirfi3_412346	611	6.7e-07	15	38	62	86	0.605263157894737
CBM18.hmm	38	Pirfi3|Pirfi3_414890	1896	1.9e-07	1	36	1760	1795	0.921052631578947
CBM18.hmm	38	Pirfi3|Pirfi3_414890	1896	2.6e-07	1	36	1853	1888	0.921052631578947
CBM18.hmm	38	Pirfi3|Pirfi3_415700	816	1e-05	2	36	519	553	0.894736842105263
CBM18.hmm	38	Pirfi3|Pirfi3_416553	218	1.7e-05	1	31	163	191	0.789473684210526
CBM18.hmm	38	Pirfi3|Pirfi3_416556	409	5.3e-07	2	35	322	355	0.868421052631579
CBM18.hmm	38	Pirfi3|Pirfi3_416790	622	3.6e-10	1	36	582	615	0.921052631578947
CBM18.hmm	38	Pirfi3|Pirfi3_417111	434	1.4e-07	1	37	28	64	0.947368421052632
CBM18.hmm	38	Pirfi3|Pirfi3_417238	229	1.9e-05	1	35	82	118	0.894736842105263
CBM18.hmm	38	Pirfi3|Pirfi3_417451	934	4.1e-06	2	36	574	616	0.894736842105263
CBM18.hmm	38	Pirfi3|Pirfi3_4491	311	1.2e-10	2	36	119	154	0.894736842105263
CBM18.hmm	38	Pirfi3|Pirfi3_4491	311	1.2e-10	2	36	232	267	0.894736842105263
CBM18.hmm	38	Pirfi3|Pirfi3_4491	311	1.5e-09	2	36	22	54	0.894736842105263
CBM18.hmm	38	Pirfi3|Pirfi3_579254	335	4.5e-10	2	37	22	55	0.921052631578947
CBM18.hmm	38	Pirfi3|Pirfi3_579254	335	4.9e-09	2	36	72	107	0.894736842105263
CBM18.hmm	38	Pirfi3|Pirfi3_579258	498	1e-08	2	35	25	56	0.868421052631579
CBM18.hmm	38	Pirfi3|Pirfi3_579258	498	8.1e-10	1	36	238	271	0.921052631578947
CBM18.hmm	38	Pirfi3|Pirfi3_579258	498	9.6e-09	2	36	165	197	0.894736842105263
CBM18.hmm	38	Pirfi3|Pirfi3_579678	676	1.1e-08	2	36	635	669	0.894736842105263
CBM18.hmm	38	Pirfi3|Pirfi3_579678	676	1.8e-07	2	36	525	559	0.894736842105263
CBM18.hmm	38	Pirfi3|Pirfi3_579678	676	5.2e-09	2	36	580	614	0.894736842105263
CBM18.hmm	38	Pirfi3|Pirfi3_579678	676	5.4e-09	1	36	469	504	0.921052631578947
CBM18.hmm	38	Pirfi3|Pirfi3_580424	502	2.3e-08	2	35	463	494	0.868421052631579
CBM18.hmm	38	Pirfi3|Pirfi3_581398	398	1.9e-07	1	37	4	38	0.947368421052632
CBM18.hmm	38	Pirfi3|Pirfi3_581404	279	9.5e-05	10	36	248	274	0.684210526315789
CBM18.hmm	38	Pirfi3|Pirfi3_583275	439	1.7e-06	1	36	344	379	0.921052631578947
CBM18.hmm	38	Pirfi3|Pirfi3_583275	439	1.8e-06	1	36	292	327	0.921052631578947
CBM18.hmm	38	Pirfi3|Pirfi3_583275	439	4.2e-10	1	35	394	427	0.894736842105263
CBM18.hmm	38	Pirfi3|Pirfi3_585414	332	1.3e-06	2	36	125	159	0.894736842105263
CBM18.hmm	38	Pirfi3|Pirfi3_585414	332	1.8e-05	2	36	178	212	0.894736842105263
CBM18.hmm	38	Pirfi3|Pirfi3_585414	332	4.7e-05	2	35	234	267	0.868421052631579
CBM18.hmm	38	Pirfi3|Pirfi3_585414	332	7.4e-08	2	35	26	59	0.868421052631579
CBM18.hmm	38	Pirfi3|Pirfi3_585414	332	9.6e-09	1	35	75	109	0.894736842105263
CBM18.hmm	38	Pirfi3|Pirfi3_585417	393	0.00054	20	36	68	84	0.421052631578947
CBM18.hmm	38	Pirfi3|Pirfi3_585417	393	1.3e-06	2	36	294	328	0.894736842105263
CBM18.hmm	38	Pirfi3|Pirfi3_585417	393	1.5e-09	2	35	124	158	0.868421052631579
CBM18.hmm	38	Pirfi3|Pirfi3_585417	393	3.2e-07	2	37	342	378	0.921052631578947
CBM18.hmm	38	Pirfi3|Pirfi3_585417	393	3.3e-09	2	36	23	57	0.894736842105263
CBM18.hmm	38	Pirfi3|Pirfi3_585417	393	5.7e-06	2	36	229	264	0.894736842105263
CBM18.hmm	38	Pirfi3|Pirfi3_585417	393	9.1e-06	2	37	181	216	0.921052631578947
CBM18.hmm	38	Pirfi3|Pirfi3_585465	1181	1.3e-05	2	36	617	651	0.894736842105263
CBM18.hmm	38	Pirfi3|Pirfi3_585662	460	1.1e-06	2	36	369	403	0.894736842105263
CBM18.hmm	38	Pirfi3|Pirfi3_585662	460	1.1e-09	2	36	419	451	0.894736842105263
CBM18.hmm	38	Pirfi3|Pirfi3_585662	460	1.5e-06	1	36	311	346	0.921052631578947
CBM18.hmm	38	Pirfi3|Pirfi3_586369	542	1.8e-09	2	36	21	53	0.894736842105263
CBM18.hmm	38	Pirfi3|Pirfi3_586369	542	2.2e-11	1	36	79	114	0.921052631578947
CBM18.hmm	38	Pirfi3|Pirfi3_586369	542	2.3e-11	1	36	177	212	0.921052631578947
CBM18.hmm	38	Pirfi3|Pirfi3_586369	542	4.9e-12	1	36	267	302	0.921052631578947
CBM18.hmm	38	Pirfi3|Pirfi3_586372	307	1.2e-11	1	36	40	74	0.921052631578947
CBM18.hmm	38	Pirfi3|Pirfi3_586770	894	2.5e-07	2	36	853	887	0.894736842105263
CBM18.hmm	38	Pirfi3|Pirfi3_586770	894	7.2e-08	1	36	790	825	0.921052631578947
CBM18.hmm	38	Pirfi3|Pirfi3_587295	449	1.3e-10	1	36	70	104	0.921052631578947
CBM18.hmm	38	Pirfi3|Pirfi3_587295	449	1e-08	1	36	178	212	0.921052631578947
CBM18.hmm	38	Pirfi3|Pirfi3_587295	449	3.5e-10	1	36	124	158	0.921052631578947
CBM18.hmm	38	Pirfi3|Pirfi3_587295	449	4.6e-09	2	36	21	53	0.894736842105263
CBM18.hmm	38	Pirfi3|Pirfi3_587689	390	1.1e-07	1	36	332	367	0.921052631578947
CBM18.hmm	38	Pirfi3|Pirfi3_587761	376	2.2e-07	1	36	248	283	0.921052631578947
CBM18.hmm	38	Pirfi3|Pirfi3_587761	376	3e-06	2	36	335	369	0.894736842105263
CBM18.hmm	38	Pirfi3|Pirfi3_587761	376	8.4e-07	1	36	186	221	0.921052631578947
CBM18.hmm	38	Pirfi3|Pirfi3_588472	1006	4.5e-06	2	36	574	616	0.894736842105263
CBM2.hmm	101	Pirfi3|Pirfi3_318949	779	3.9e-07	17	96	497	573	0.782178217821782
CBM2.hmm	101	Pirfi3|Pirfi3_585894	511	1.8e-10	5	89	30	119	0.831683168316832
CBM20.hmm	90	Pirfi3|Pirfi3_217958	84	0.00089	32	82	26	73	0.555555555555556
CBM20.hmm	90	Pirfi3|Pirfi3_415317	604	0.00063	28	88	37	93	0.666666666666667
CBM20.hmm	90	Pirfi3|Pirfi3_416720	168	2e-06	15	67	33	81	0.577777777777778
CBM20.hmm	90	Pirfi3|Pirfi3_582096	97	1.6e-05	8	67	11	73	0.655555555555556
CBM20.hmm	90	Pirfi3|Pirfi3_583558	116	0.0009	14	65	20	68	0.566666666666667
CBM20.hmm	90	Pirfi3|Pirfi3_588353	662	2.5e-05	9	82	19	89	0.811111111111111
CBM21.hmm	107	Pirfi3|Pirfi3_302079	252	1.8e-08	15	107	41	133	0.85981308411215
CBM21.hmm	107	Pirfi3|Pirfi3_302079	252	6.6e-07	20	106	165	247	0.803738317757009
CBM21.hmm	107	Pirfi3|Pirfi3_320559	1805	1.6e-17	18	106	1282	1398	0.822429906542056
CBM21.hmm	107	Pirfi3|Pirfi3_325226	751	1.8e-28	6	107	487	604	0.94392523364486
CBM21.hmm	107	Pirfi3|Pirfi3_328669	375	1.4e-08	2	104	19	129	0.953271028037383
CBM21.hmm	107	Pirfi3|Pirfi3_397330	820	3.5e-24	3	107	351	460	0.97196261682243
CBM21.hmm	107	Pirfi3|Pirfi3_579756	910	3e-15	14	106	561	735	0.85981308411215
CBM21.hmm	107	Pirfi3|Pirfi3_581977	946	7e-22	15	107	485	597	0.85981308411215
CBM22.hmm	131	Pirfi3|Pirfi3_580441	539	2.1e-32	3	130	290	419	0.969465648854962
CBM25.hmm	78	Pirfi3|Pirfi3_469306	1076	1.4e-07	2	48	1029	1072	0.58974358974359
CBM26.hmm	75	Pirfi3|Pirfi3_469306	1076	5.4e-12	1	67	899	969	0.88
CBM29.hmm	144	Pirfi3|Pirfi3_316168	1121	2.8e-13	5	135	494	627	0.902777777777778
CBM29.hmm	144	Pirfi3|Pirfi3_316168	1121	5.2e-14	4	138	665	803	0.930555555555556
CBM29.hmm	144	Pirfi3|Pirfi3_316168	1121	9.4e-14	4	134	859	995	0.902777777777778
CBM29.hmm	144	Pirfi3|Pirfi3_330892	867	2.4e-11	5	139	434	573	0.930555555555556
CBM29.hmm	144	Pirfi3|Pirfi3_330892	867	3.8e-12	5	139	644	783	0.930555555555556
CBM29.hmm	144	Pirfi3|Pirfi3_332386	1284	1.4e-12	14	133	1024	1147	0.826388888888889
CBM29.hmm	144	Pirfi3|Pirfi3_332386	1284	2.2e-12	5	133	689	821	0.888888888888889
CBM29.hmm	144	Pirfi3|Pirfi3_332386	1284	3e-13	5	133	536	668	0.888888888888889
CBM29.hmm	144	Pirfi3|Pirfi3_332386	1284	5.1e-11	14	134	393	516	0.833333333333333
CBM29.hmm	144	Pirfi3|Pirfi3_332386	1284	5.6e-14	14	133	873	996	0.826388888888889
CBM29.hmm	144	Pirfi3|Pirfi3_337764	1098	1.9e-13	4	138	667	806	0.930555555555556
CBM29.hmm	144	Pirfi3|Pirfi3_337764	1098	2.2e-12	4	140	496	637	0.944444444444444
CBM29.hmm	144	Pirfi3|Pirfi3_337764	1098	4.6e-18	5	139	896	1033	0.930555555555556
CBM29.hmm	144	Pirfi3|Pirfi3_360498	144	1.9e-23	5	143	11	144	0.958333333333333
CBM29.hmm	144	Pirfi3|Pirfi3_408066	449	1.1e-06	74	142	147	213	0.472222222222222
CBM29.hmm	144	Pirfi3|Pirfi3_408066	449	4.8e-09	74	144	42	110	0.486111111111111
CBM29.hmm	144	Pirfi3|Pirfi3_408066	449	8.6e-07	72	142	256	324	0.486111111111111
CBM29.hmm	144	Pirfi3|Pirfi3_408066	449	8.8e-07	81	139	390	447	0.402777777777778
CBM29.hmm	144	Pirfi3|Pirfi3_586487	477	1.9e-59	1	143	173	314	0.986111111111111
CBM29.hmm	144	Pirfi3|Pirfi3_586487	477	7.8e-65	1	143	334	471	0.986111111111111
CBM32.hmm	124	Pirfi3|Pirfi3_402458	277	1e-11	14	109	32	129	0.766129032258065
CBM32.hmm	124	Pirfi3|Pirfi3_583106	181	6.8e-05	14	67	32	92	0.42741935483871
CBM35.hmm	123	Pirfi3|Pirfi3_286012	574	8.8e-25	1	122	24	140	0.983739837398374
CBM35.hmm	123	Pirfi3|Pirfi3_360429	615	2.9e-25	1	122	25	139	0.983739837398374
CBM35.hmm	123	Pirfi3|Pirfi3_402549	536	1.9e-14	1	122	26	141	0.983739837398374
CBM35.hmm	123	Pirfi3|Pirfi3_582438	305	4.8e-17	2	122	184	303	0.975609756097561
CBM39.hmm	94	Pirfi3|Pirfi3_585568	602	0.00054	24	89	513	583	0.691489361702128
CBM40.hmm	179	Pirfi3|Pirfi3_371015	1345	2.8e-05	94	175	1048	1124	0.452513966480447
CBM48.hmm	76	Pirfi3|Pirfi3_277065	205	0.00066	15	61	6	62	0.605263157894737
CBM48.hmm	76	Pirfi3|Pirfi3_318024	750	2.7e-07	2	67	37	155	0.855263157894737
CBM48.hmm	76	Pirfi3|Pirfi3_332039	708	3.1e-06	3	45	85	137	0.552631578947368
CBM48.hmm	76	Pirfi3|Pirfi3_344492	722	1.2e-05	3	48	97	152	0.592105263157895
CBM48.hmm	76	Pirfi3|Pirfi3_409616	280	0.00014	15	60	8	63	0.592105263157895
CBM48.hmm	76	Pirfi3|Pirfi3_580619	686	3.8e-10	3	58	62	134	0.723684210526316
CBM48.hmm	76	Pirfi3|Pirfi3_580745	127	6.9e-05	18	67	13	68	0.644736842105263
CBM48.hmm	76	Pirfi3|Pirfi3_582095	105	2.9e-06	17	71	14	81	0.710526315789474
CBM5.hmm	40	Pirfi3|Pirfi3_300333	223	0.00038	4	26	64	87	0.55
CBM50.hmm	40	Pirfi3|Pirfi3_308990	190	7.5e-08	1	37	4	38	0.9
CBM50.hmm	40	Pirfi3|Pirfi3_315345	537	1.7e-06	1	39	91	133	0.95
CBM50.hmm	40	Pirfi3|Pirfi3_315345	537	3.6e-07	1	39	238	280	0.95
CBM50.hmm	40	Pirfi3|Pirfi3_315345	537	4.5e-07	1	39	161	203	0.95
CBM50.hmm	40	Pirfi3|Pirfi3_315345	537	6.8e-09	1	40	32	75	0.975
CBM50.hmm	40	Pirfi3|Pirfi3_350414	151	5.6e-06	1	39	42	83	0.95
CBM50.hmm	40	Pirfi3|Pirfi3_583391	154	6.3e-07	1	28	87	118	0.675
CBM52.hmm	52	Pirfi3|Pirfi3_323707	480	8.9e-12	2	51	26	70	0.942307692307692
CBM52.hmm	52	Pirfi3|Pirfi3_334595	462	6.5e-13	2	50	26	69	0.923076923076923
CBM52.hmm	52	Pirfi3|Pirfi3_334595	462	7.8e-12	2	50	97	140	0.923076923076923
CBM52.hmm	52	Pirfi3|Pirfi3_579845	1155	2.9e-12	2	50	31	75	0.923076923076923
CBM52.hmm	52	Pirfi3|Pirfi3_584098	451	2.3e-06	31	50	2	21	0.365384615384615
CBM54.hmm	114	Pirfi3|Pirfi3_585240	445	0.00013	50	98	211	264	0.421052631578947
CBM6.hmm	138	Pirfi3|Pirfi3_405956	725	1.5e-11	20	136	373	479	0.840579710144927
CBM6.hmm	138	Pirfi3|Pirfi3_583798	559	5.9e-16	17	136	367	476	0.86231884057971
CBM6.hmm	138	Pirfi3|Pirfi3_583799	559	5.9e-16	17	136	367	476	0.86231884057971
CBM6.hmm	138	Pirfi3|Pirfi3_584993	582	5.1e-13	19	136	373	480	0.847826086956522
CBM6.hmm	138	Pirfi3|Pirfi3_587410	701	7.7e-19	15	136	366	479	0.876811594202899
CBM6.hmm	138	Pirfi3|Pirfi3_587411	701	7.7e-19	15	136	366	479	0.876811594202899
CBM61.hmm	141	Pirfi3|Pirfi3_328425	559	7.1e-38	1	141	418	556	0.99290780141844
CBM63.hmm	78	Pirfi3|Pirfi3_174594	430	3.1e-13	4	70	187	253	0.846153846153846
CBM63.hmm	78	Pirfi3|Pirfi3_404491	426	7.1e-19	2	71	178	248	0.884615384615385
CBM63.hmm	78	Pirfi3|Pirfi3_417138	509	3.9e-22	2	72	180	252	0.897435897435897
CBM63.hmm	78	Pirfi3|Pirfi3_580396	574	4.9e-06	5	70	463	543	0.833333333333333
CBM63.hmm	78	Pirfi3|Pirfi3_586069	568	0.00019	7	70	453	531	0.807692307692308
CE1.hmm	227	Pirfi3|Pirfi3_239777	280	3.8e-13	8	137	48	169	0.568281938325991
CE1.hmm	227	Pirfi3|Pirfi3_309834	446	1.3e-19	11	174	160	335	0.718061674008811
CE1.hmm	227	Pirfi3|Pirfi3_326987	513	4.7e-06	23	143	62	190	0.52863436123348
CE1.hmm	227	Pirfi3|Pirfi3_328312	382	2.8e-30	9	221	148	376	0.933920704845815
CE1.hmm	227	Pirfi3|Pirfi3_336733	861	3.4e-15	11	211	616	835	0.881057268722467
CE1.hmm	227	Pirfi3|Pirfi3_338792	543	1.1e-30	9	222	308	537	0.938325991189427
CE1.hmm	227	Pirfi3|Pirfi3_338843	488	6.8e-20	13	211	208	431	0.872246696035242
CE1.hmm	227	Pirfi3|Pirfi3_351982	271	4e-12	26	213	38	238	0.823788546255507
CE1.hmm	227	Pirfi3|Pirfi3_353693	387	1.5e-31	9	222	152	381	0.938325991189427
CE1.hmm	227	Pirfi3|Pirfi3_363751	481	5.9e-20	11	147	195	358	0.599118942731278
CE1.hmm	227	Pirfi3|Pirfi3_371061	325	4.7e-28	9	193	107	296	0.81057268722467
CE1.hmm	227	Pirfi3|Pirfi3_374262	275	5.7e-44	1	221	33	267	0.969162995594714
CE1.hmm	227	Pirfi3|Pirfi3_400676	275	3.7e-42	1	220	33	266	0.964757709251101
CE1.hmm	227	Pirfi3|Pirfi3_405385	480	3.9e-14	13	125	211	344	0.493392070484582
CE1.hmm	227	Pirfi3|Pirfi3_416352	329	1.3e-37	1	214	87	314	0.938325991189427
CE1.hmm	227	Pirfi3|Pirfi3_579676	495	1.4e-17	8	135	252	377	0.559471365638767
CE1.hmm	227	Pirfi3|Pirfi3_580150	289	1.3e-37	1	217	40	273	0.951541850220264
CE1.hmm	227	Pirfi3|Pirfi3_582895	394	5.3e-14	5	136	158	281	0.577092511013216
CE1.hmm	227	Pirfi3|Pirfi3_584006	547	2.9e-29	8	221	311	540	0.938325991189427
CE1.hmm	227	Pirfi3|Pirfi3_584083	528	2.2e-35	8	221	253	482	0.938325991189427
CE1.hmm	227	Pirfi3|Pirfi3_584723	219	4.9e-14	56	209	40	203	0.674008810572687
CE1.hmm	227	Pirfi3|Pirfi3_586944	539	2.9e-14	5	140	303	430	0.594713656387665
CE1.hmm	227	Pirfi3|Pirfi3_587078	306	8.8e-07	10	143	76	233	0.585903083700441
CE1.hmm	227	Pirfi3|Pirfi3_587446	285	5.8e-18	8	140	15	135	0.581497797356828
CE1.hmm	227	Pirfi3|Pirfi3_587496	395	2e-37	1	207	109	330	0.907488986784141
CE1.hmm	227	Pirfi3|Pirfi3_587498	388	2.1e-19	8	135	144	270	0.559471365638767
CE1.hmm	227	Pirfi3|Pirfi3_587500	523	2.4e-35	4	209	275	498	0.903083700440529
CE1.hmm	227	Pirfi3|Pirfi3_587874	318	2.6e-08	51	180	134	290	0.568281938325991
CE10.hmm	341	Pirfi3|Pirfi3_133691	430	1.3e-34	71	261	71	281	0.557184750733138
CE10.hmm	341	Pirfi3|Pirfi3_277448	341	3.6e-33	71	209	55	200	0.404692082111437
CE10.hmm	341	Pirfi3|Pirfi3_279060	320	3e-31	64	310	34	297	0.721407624633431
CE10.hmm	341	Pirfi3|Pirfi3_308732	577	9.7e-32	72	187	88	219	0.337243401759531
CE10.hmm	341	Pirfi3|Pirfi3_309434	314	3.7e-33	67	283	44	260	0.633431085043988
CE10.hmm	341	Pirfi3|Pirfi3_317819	315	6.3e-32	67	214	30	188	0.43108504398827
CE10.hmm	341	Pirfi3|Pirfi3_319941	324	1.3e-29	71	243	60	240	0.504398826979472
CE10.hmm	341	Pirfi3|Pirfi3_319943	339	2.4e-32	47	246	48	258	0.583577712609971
CE10.hmm	341	Pirfi3|Pirfi3_319948	322	2.5e-30	52	245	39	240	0.565982404692082
CE10.hmm	341	Pirfi3|Pirfi3_329545	312	1.2e-29	71	193	42	184	0.357771260997067
CE10.hmm	341	Pirfi3|Pirfi3_334408	503	5.5e-33	69	275	69	304	0.604105571847507
CE10.hmm	341	Pirfi3|Pirfi3_336620	258	3.8e-31	82	308	1	233	0.662756598240469
CE10.hmm	341	Pirfi3|Pirfi3_340184	561	4.3e-35	70	215	104	258	0.425219941348974
CE10.hmm	341	Pirfi3|Pirfi3_340399	733	3.3e-15	85	312	484	713	0.665689149560117
CE10.hmm	341	Pirfi3|Pirfi3_340781	561	4.3e-35	70	215	104	258	0.425219941348974
CE10.hmm	341	Pirfi3|Pirfi3_344569	435	1.3e-30	69	226	69	236	0.460410557184751
CE10.hmm	341	Pirfi3|Pirfi3_354842	312	8.3e-28	68	203	39	184	0.395894428152493
CE10.hmm	341	Pirfi3|Pirfi3_362059	319	3.6e-29	78	215	57	204	0.401759530791789
CE10.hmm	341	Pirfi3|Pirfi3_363641	314	3.5e-33	66	240	43	222	0.510263929618768
CE10.hmm	341	Pirfi3|Pirfi3_371562	239	2.8e-15	109	242	6	151	0.390029325513196
CE10.hmm	341	Pirfi3|Pirfi3_402702	500	8.2e-37	72	209	71	218	0.401759530791789
CE10.hmm	341	Pirfi3|Pirfi3_409971	321	7.3e-32	68	242	55	236	0.510263929618768
CE10.hmm	341	Pirfi3|Pirfi3_416055	330	2.1e-28	63	245	31	220	0.533724340175953
CE10.hmm	341	Pirfi3|Pirfi3_580662	339	9.9e-07	93	208	83	198	0.337243401759531
CE10.hmm	341	Pirfi3|Pirfi3_581073	316	2e-27	70	309	42	292	0.700879765395894
CE10.hmm	341	Pirfi3|Pirfi3_583373	756	2.3e-19	14	313	413	707	0.87683284457478
CE10.hmm	341	Pirfi3|Pirfi3_585657	501	1.1e-34	73	193	73	206	0.351906158357771
CE10.hmm	341	Pirfi3|Pirfi3_585785	277	2.8e-28	70	215	5	160	0.425219941348974
CE10.hmm	341	Pirfi3|Pirfi3_586680	645	8.5e-34	72	245	187	374	0.50733137829912
CE10.hmm	341	Pirfi3|Pirfi3_586722	279	6.1e-35	81	334	27	275	0.741935483870968
CE10.hmm	341	Pirfi3|Pirfi3_586723	316	1.3e-33	77	333	54	306	0.750733137829912
CE10.hmm	341	Pirfi3|Pirfi3_588858	568	8.3e-11	124	312	351	548	0.551319648093842
CE12.hmm	210	Pirfi3|Pirfi3_251048	208	4.6e-48	1	201	1	205	0.952380952380952
CE12.hmm	210	Pirfi3|Pirfi3_325544	328	2.6e-53	1	209	89	300	0.990476190476191
CE12.hmm	210	Pirfi3|Pirfi3_346824	254	2.6e-06	2	106	7	107	0.495238095238095
CE12.hmm	210	Pirfi3|Pirfi3_359929	962	3.2e-48	1	210	723	936	0.995238095238095
CE12.hmm	210	Pirfi3|Pirfi3_359933	338	2.8e-51	1	208	98	309	0.985714285714286
CE12.hmm	210	Pirfi3|Pirfi3_370997	339	1.3e-48	2	209	80	301	0.985714285714286
CE12.hmm	210	Pirfi3|Pirfi3_375067	339	1.3e-48	2	209	80	301	0.985714285714286
CE14.hmm	124	Pirfi3|Pirfi3_579931	284	1e-12	1	123	65	175	0.983870967741935
CE15.hmm	269	Pirfi3|Pirfi3_264224	348	2.7e-85	1	268	21	345	0.992565055762082
CE15.hmm	269	Pirfi3|Pirfi3_580230	489	1.5e-84	1	268	21	344	0.992565055762082
CE16.hmm	267	Pirfi3|Pirfi3_316207	409	2.8e-40	2	266	47	296	0.98876404494382
CE16.hmm	267	Pirfi3|Pirfi3_330391	346	5.7e-42	23	266	59	300	0.910112359550562
CE16.hmm	267	Pirfi3|Pirfi3_337941	289	2e-25	1	266	48	279	0.99250936329588
CE16.hmm	267	Pirfi3|Pirfi3_366185	119	3.2e-13	148	257	1	109	0.408239700374532
CE16.hmm	267	Pirfi3|Pirfi3_374961	260	1.3e-30	76	266	58	250	0.711610486891386
CE16.hmm	267	Pirfi3|Pirfi3_375029	195	1.2e-27	100	266	7	185	0.621722846441948
CE16.hmm	267	Pirfi3|Pirfi3_407172	464	3.6e-34	2	266	47	289	0.98876404494382
CE16.hmm	267	Pirfi3|Pirfi3_587263	237	2.7e-24	34	266	6	229	0.868913857677903
CE2.hmm	209	Pirfi3|Pirfi3_317823	819	1.2e-63	1	209	319	543	0.995215311004785
CE4.hmm	130	Pirfi3|Pirfi3_249502	226	3.8e-29	3	112	3	121	0.838461538461538
CE4.hmm	130	Pirfi3|Pirfi3_249761	194	2.1e-30	12	125	1	122	0.869230769230769
CE4.hmm	130	Pirfi3|Pirfi3_273653	201	4.5e-31	12	125	1	122	0.869230769230769
CE4.hmm	130	Pirfi3|Pirfi3_287672	343	6.1e-27	6	125	16	141	0.915384615384615
CE4.hmm	130	Pirfi3|Pirfi3_298532	323	2.2e-28	3	112	8	125	0.838461538461538
CE4.hmm	130	Pirfi3|Pirfi3_314904	356	8.5e-25	4	128	39	171	0.953846153846154
CE4.hmm	130	Pirfi3|Pirfi3_314985	327	6e-25	9	125	36	162	0.892307692307692
CE4.hmm	130	Pirfi3|Pirfi3_314989	717	2.4e-25	6	125	31	158	0.915384615384615
CE4.hmm	130	Pirfi3|Pirfi3_314992	639	1.9e-26	6	124	29	155	0.907692307692308
CE4.hmm	130	Pirfi3|Pirfi3_315345	537	7.9e-28	7	125	325	451	0.907692307692308
CE4.hmm	130	Pirfi3|Pirfi3_316962	306	3.1e-25	6	125	37	184	0.915384615384615
CE4.hmm	130	Pirfi3|Pirfi3_319506	322	3.8e-33	4	125	113	242	0.930769230769231
CE4.hmm	130	Pirfi3|Pirfi3_320956	414	8.1e-36	7	126	209	336	0.915384615384615
CE4.hmm	130	Pirfi3|Pirfi3_324252	303	2.1e-21	5	125	26	153	0.923076923076923
CE4.hmm	130	Pirfi3|Pirfi3_328078	330	3.3e-28	5	125	25	156	0.923076923076923
CE4.hmm	130	Pirfi3|Pirfi3_332929	347	1.2e-30	5	124	141	268	0.915384615384615
CE4.hmm	130	Pirfi3|Pirfi3_334624	309	5.5e-30	4	125	100	229	0.930769230769231
CE4.hmm	130	Pirfi3|Pirfi3_334844	304	7.6e-34	10	125	102	225	0.884615384615385
CE4.hmm	130	Pirfi3|Pirfi3_343072	427	2.9e-21	6	124	26	151	0.907692307692308
CE4.hmm	130	Pirfi3|Pirfi3_343830	329	4.9e-33	7	125	124	250	0.907692307692308
CE4.hmm	130	Pirfi3|Pirfi3_349873	300	6.8e-24	8	125	18	142	0.9
CE4.hmm	130	Pirfi3|Pirfi3_349881	403	6.9e-29	7	125	28	152	0.907692307692308
CE4.hmm	130	Pirfi3|Pirfi3_351275	295	2.4e-15	7	124	52	175	0.9
CE4.hmm	130	Pirfi3|Pirfi3_352125	345	5e-30	3	126	136	267	0.946153846153846
CE4.hmm	130	Pirfi3|Pirfi3_360670	345	2.3e-30	2	125	135	266	0.946153846153846
CE4.hmm	130	Pirfi3|Pirfi3_363214	330	3.3e-28	5	125	25	156	0.923076923076923
CE4.hmm	130	Pirfi3|Pirfi3_363441	345	3.6e-31	6	124	74	201	0.907692307692308
CE4.hmm	130	Pirfi3|Pirfi3_365290	348	3.9e-29	5	125	135	261	0.923076923076923
CE4.hmm	130	Pirfi3|Pirfi3_369610	327	9.8e-28	6	125	26	157	0.915384615384615
CE4.hmm	130	Pirfi3|Pirfi3_398813	351	3e-28	8	125	17	143	0.9
CE4.hmm	130	Pirfi3|Pirfi3_579254	335	1.4e-31	4	125	126	255	0.930769230769231
CE4.hmm	130	Pirfi3|Pirfi3_579258	498	7.6e-29	7	125	293	419	0.907692307692308
CE4.hmm	130	Pirfi3|Pirfi3_579961	307	3.3e-25	6	125	29	176	0.915384615384615
CE4.hmm	130	Pirfi3|Pirfi3_582681	248	1e-11	49	124	5	80	0.576923076923077
CE4.hmm	130	Pirfi3|Pirfi3_582682	281	4.6e-20	7	125	12	138	0.907692307692308
CE4.hmm	130	Pirfi3|Pirfi3_586369	542	4.2e-31	5	123	335	461	0.907692307692308
CE4.hmm	130	Pirfi3|Pirfi3_586372	307	2.5e-29	6	123	101	226	0.9
CE4.hmm	130	Pirfi3|Pirfi3_586615	464	2e-10	7	128	49	173	0.930769230769231
CE4.hmm	130	Pirfi3|Pirfi3_587295	449	2.4e-31	2	125	238	369	0.946153846153846
CE4.hmm	130	Pirfi3|Pirfi3_62670	920	2.9e-31	4	125	712	841	0.930769230769231
CE4.hmm	130	Pirfi3|Pirfi3_8643	748	7.9e-11	4	45	687	727	0.315384615384615
CE4.hmm	130	Pirfi3|Pirfi3_8711	161	1.3e-18	51	126	8	90	0.576923076923077
CE4.hmm	130	Pirfi3|Pirfi3_8731	1110	2.1e-33	6	125	904	1031	0.915384615384615
CE6.hmm	99	Pirfi3|Pirfi3_261479	258	9.4e-31	1	98	71	182	0.97979797979798
CE6.hmm	99	Pirfi3|Pirfi3_366192	176	2.1e-12	27	75	26	91	0.484848484848485
CE6.hmm	99	Pirfi3|Pirfi3_374736	260	2.1e-12	58	99	119	157	0.414141414141414
CE6.hmm	99	Pirfi3|Pirfi3_445938	91	3.4e-15	54	99	2	44	0.454545454545455
CE6.hmm	99	Pirfi3|Pirfi3_579642	276	5.5e-28	1	98	50	161	0.97979797979798
CE6.hmm	99	Pirfi3|Pirfi3_579643	325	1.6e-30	1	98	89	200	0.97979797979798
CE6.hmm	99	Pirfi3|Pirfi3_580420	545	4.6e-30	1	99	86	195	0.98989898989899
CE6.hmm	99	Pirfi3|Pirfi3_580441	539	6e-28	1	99	86	195	0.98989898989899
CE6.hmm	99	Pirfi3|Pirfi3_580915	262	2.2e-31	1	99	69	178	0.98989898989899
CE6.hmm	99	Pirfi3|Pirfi3_583398	392	5.1e-31	1	99	88	197	0.98989898989899
CE8.hmm	288	Pirfi3|Pirfi3_341971	408	6.1e-78	2	270	31	300	0.930555555555556
CE8.hmm	288	Pirfi3|Pirfi3_345587	329	1.9e-75	2	277	30	306	0.954861111111111
CE8.hmm	288	Pirfi3|Pirfi3_360585	418	1.6e-79	2	271	34	305	0.934027777777778
CE8.hmm	288	Pirfi3|Pirfi3_416597	401	2.3e-79	2	273	31	304	0.940972222222222
CE8.hmm	288	Pirfi3|Pirfi3_579624	435	5.7e-81	2	274	29	303	0.944444444444444
GH1.hmm	429	Pirfi3|Pirfi3_320479	659	3.9e-142	3	427	72	654	0.988344988344988
GH1.hmm	429	Pirfi3|Pirfi3_320494	658	3.3e-142	3	427	71	653	0.988344988344988
GH1.hmm	429	Pirfi3|Pirfi3_329119	643	1.7e-141	3	422	56	633	0.976689976689977
GH1.hmm	429	Pirfi3|Pirfi3_329255	666	9e-142	2	422	78	656	0.979020979020979
GH1.hmm	429	Pirfi3|Pirfi3_329259	651	1.4e-141	2	422	63	641	0.979020979020979
GH1.hmm	429	Pirfi3|Pirfi3_346249	658	3.9e-142	3	427	71	653	0.988344988344988
GH1.hmm	429	Pirfi3|Pirfi3_346262	659	3.9e-142	3	427	72	654	0.988344988344988
GH1.hmm	429	Pirfi3|Pirfi3_346265	659	3.9e-142	3	427	72	654	0.988344988344988
GH1.hmm	429	Pirfi3|Pirfi3_402978	658	3.9e-142	3	427	71	653	0.988344988344988
GH1.hmm	429	Pirfi3|Pirfi3_413403	666	1.6e-141	2	422	78	656	0.979020979020979
GH10.hmm	303	Pirfi3|Pirfi3_123885	494	4.8e-74	10	302	93	439	0.963696369636964
GH10.hmm	303	Pirfi3|Pirfi3_124410	586	8e-74	10	302	93	439	0.963696369636964
GH10.hmm	303	Pirfi3|Pirfi3_227512	317	2.3e-100	9	302	11	314	0.966996699669967
GH10.hmm	303	Pirfi3|Pirfi3_321142	337	3.3e-76	29	302	3	324	0.900990099009901
GH10.hmm	303	Pirfi3|Pirfi3_332386	1284	2.9e-77	9	301	40	348	0.963696369636964
GH10.hmm	303	Pirfi3|Pirfi3_359540	526	2.5e-77	6	302	106	457	0.976897689768977
GH10.hmm	303	Pirfi3|Pirfi3_359542	613	1.7e-77	6	302	106	457	0.976897689768977
GH10.hmm	303	Pirfi3|Pirfi3_413393	366	1.6e-93	5	302	24	327	0.98019801980198
GH10.hmm	303	Pirfi3|Pirfi3_415223	512	1e-77	6	302	106	457	0.976897689768977
GH10.hmm	303	Pirfi3|Pirfi3_579707	607	4.7e-91	5	302	24	327	0.98019801980198
GH10.hmm	303	Pirfi3|Pirfi3_580168	607	4e-93	5	302	24	328	0.98019801980198
GH10.hmm	303	Pirfi3|Pirfi3_580576	501	6.6e-95	8	302	28	324	0.97029702970297
GH10.hmm	303	Pirfi3|Pirfi3_581567	511	2.1e-83	10	303	164	507	0.966996699669967
GH10.hmm	303	Pirfi3|Pirfi3_581671	713	1.3e-92	4	302	303	607	0.983498349834984
GH10.hmm	303	Pirfi3|Pirfi3_582289	807	1.5e-91	6	302	27	323	0.976897689768977
GH10.hmm	303	Pirfi3|Pirfi3_586264	428	9.3e-90	9	303	26	324	0.97029702970297
GH10.hmm	303	Pirfi3|Pirfi3_586363	498	2.2e-72	15	302	116	456	0.947194719471947
GH10.hmm	303	Pirfi3|Pirfi3_586391	498	2.2e-72	15	302	116	456	0.947194719471947
GH10.hmm	303	Pirfi3|Pirfi3_588920	807	1.5e-91	6	302	27	323	0.976897689768977
GH10.hmm	303	Pirfi3|Pirfi3_61317	399	2.1e-93	4	302	23	321	0.983498349834984
GH105.hmm	332	Pirfi3|Pirfi3_328299	572	2.3e-68	6	303	232	570	0.894578313253012
GH11.hmm	177	Pirfi3|Pirfi3_156768	580	7e-57	4	172	50	231	0.949152542372881
GH11.hmm	177	Pirfi3|Pirfi3_191003	326	3.2e-60	3	172	46	228	0.954802259887006
GH11.hmm	177	Pirfi3|Pirfi3_244510	254	3.3e-60	3	172	46	228	0.954802259887006
GH11.hmm	177	Pirfi3|Pirfi3_252903	634	2.1e-58	1	172	436	618	0.966101694915254
GH11.hmm	177	Pirfi3|Pirfi3_252903	634	4.6e-59	2	170	37	217	0.949152542372881
GH11.hmm	177	Pirfi3|Pirfi3_255552	234	4e-48	2	173	45	220	0.966101694915254
GH11.hmm	177	Pirfi3|Pirfi3_258717	242	1e-60	2	170	45	225	0.949152542372881
GH11.hmm	177	Pirfi3|Pirfi3_263024	242	4.6e-60	2	170	45	225	0.949152542372881
GH11.hmm	177	Pirfi3|Pirfi3_264896	241	9e-61	2	172	44	227	0.96045197740113
GH11.hmm	177	Pirfi3|Pirfi3_272474	250	3.9e-59	4	171	49	229	0.943502824858757
GH11.hmm	177	Pirfi3|Pirfi3_273269	244	2.8e-60	2	170	47	227	0.949152542372881
GH11.hmm	177	Pirfi3|Pirfi3_333115	242	1e-60	2	170	45	225	0.949152542372881
GH11.hmm	177	Pirfi3|Pirfi3_358268	337	2.8e-60	2	170	45	225	0.949152542372881
GH11.hmm	177	Pirfi3|Pirfi3_358282	363	3.4e-60	2	170	45	225	0.949152542372881
GH11.hmm	177	Pirfi3|Pirfi3_358284	362	5.5e-60	2	170	45	225	0.949152542372881
GH11.hmm	177	Pirfi3|Pirfi3_373850	245	7.4e-59	2	173	45	229	0.966101694915254
GH11.hmm	177	Pirfi3|Pirfi3_376102	243	1.9e-33	2	131	57	198	0.728813559322034
GH11.hmm	177	Pirfi3|Pirfi3_404927	498	1.4e-59	2	172	299	482	0.96045197740113
GH11.hmm	177	Pirfi3|Pirfi3_404927	498	6.8e-60	2	172	44	227	0.96045197740113
GH11.hmm	177	Pirfi3|Pirfi3_580278	404	1.3e-59	2	172	45	228	0.96045197740113
GH11.hmm	177	Pirfi3|Pirfi3_580574	470	2.4e-60	3	170	46	225	0.943502824858757
GH11.hmm	177	Pirfi3|Pirfi3_580575	315	8.2e-59	2	172	45	228	0.96045197740113
GH11.hmm	177	Pirfi3|Pirfi3_581671	713	6.3e-60	2	172	44	227	0.96045197740113
GH11.hmm	177	Pirfi3|Pirfi3_581678	424	2.8e-58	2	173	47	230	0.966101694915254
GH11.hmm	177	Pirfi3|Pirfi3_584846	425	5.1e-61	2	172	44	227	0.96045197740113
GH11.hmm	177	Pirfi3|Pirfi3_584847	350	2e-59	3	172	45	227	0.954802259887006
GH11.hmm	177	Pirfi3|Pirfi3_585918	389	4e-60	2	170	45	225	0.949152542372881
GH11.hmm	177	Pirfi3|Pirfi3_585944	447	1.4e-60	2	170	45	225	0.949152542372881
GH11.hmm	177	Pirfi3|Pirfi3_586677	315	8.2e-59	2	172	45	228	0.96045197740113
GH11.hmm	177	Pirfi3|Pirfi3_586678	315	8.2e-59	2	172	45	228	0.96045197740113
GH11.hmm	177	Pirfi3|Pirfi3_586679	313	8.1e-59	2	172	45	228	0.96045197740113
GH11.hmm	177	Pirfi3|Pirfi3_587455	428	2.2e-37	2	167	48	225	0.932203389830508
GH11.hmm	177	Pirfi3|Pirfi3_588798	315	8.2e-59	2	172	45	228	0.96045197740113
GH11.hmm	177	Pirfi3|Pirfi3_588799	284	2.2e-28	2	105	39	155	0.581920903954802
GH11.hmm	177	Pirfi3|Pirfi3_62670	920	1.4e-42	2	135	44	189	0.751412429378531
GH11.hmm	177	Pirfi3|Pirfi3_62670	920	2e-29	90	172	192	274	0.463276836158192
GH11.hmm	177	Pirfi3|Pirfi3_62670	920	5.7e-59	2	172	472	655	0.96045197740113
GH11.hmm	177	Pirfi3|Pirfi3_8643	748	2.8e-58	1	172	449	631	0.966101694915254
GH11.hmm	177	Pirfi3|Pirfi3_8643	748	5.5e-58	3	172	48	228	0.954802259887006
GH11.hmm	177	Pirfi3|Pirfi3_8731	1110	6.2e-58	2	170	46	226	0.949152542372881
GH11.hmm	177	Pirfi3|Pirfi3_8731	1110	6.9e-59	2	170	600	780	0.949152542372881
GH11.hmm	177	Pirfi3|Pirfi3_87404	486	8.6e-60	3	172	46	228	0.954802259887006
GH114.hmm	190	Pirfi3|Pirfi3_137965	428	4.3e-52	12	190	43	227	0.936842105263158
GH114.hmm	190	Pirfi3|Pirfi3_252759	219	5.8e-56	1	190	22	219	0.994736842105263
GH114.hmm	190	Pirfi3|Pirfi3_262009	189	1.3e-56	14	188	5	181	0.91578947368421
GH114.hmm	190	Pirfi3|Pirfi3_277034	286	7.9e-57	1	190	31	231	0.994736842105263
GH114.hmm	190	Pirfi3|Pirfi3_277339	272	7.1e-43	1	190	30	221	0.994736842105263
GH114.hmm	190	Pirfi3|Pirfi3_278291	281	8.8e-52	11	190	40	224	0.942105263157895
GH114.hmm	190	Pirfi3|Pirfi3_285355	388	2.4e-59	1	190	38	236	0.994736842105263
GH114.hmm	190	Pirfi3|Pirfi3_297205	283	3.6e-45	1	190	32	223	0.994736842105263
GH114.hmm	190	Pirfi3|Pirfi3_308588	283	3.7e-42	1	190	30	230	0.994736842105263
GH114.hmm	190	Pirfi3|Pirfi3_314559	235	7.6e-56	1	190	31	228	0.994736842105263
GH114.hmm	190	Pirfi3|Pirfi3_319121	388	2.2e-59	1	190	33	227	0.994736842105263
GH114.hmm	190	Pirfi3|Pirfi3_319133	709	7.2e-55	12	190	42	226	0.936842105263158
GH114.hmm	190	Pirfi3|Pirfi3_331076	513	1.8e-68	1	190	282	473	0.994736842105263
GH114.hmm	190	Pirfi3|Pirfi3_337641	308	2.3e-58	1	188	34	227	0.984210526315789
GH114.hmm	190	Pirfi3|Pirfi3_344961	491	3.7e-54	1	190	30	227	0.994736842105263
GH114.hmm	190	Pirfi3|Pirfi3_344968	546	6.7e-56	1	190	29	223	0.994736842105263
GH114.hmm	190	Pirfi3|Pirfi3_346364	461	9.6e-57	1	190	28	223	0.994736842105263
GH114.hmm	190	Pirfi3|Pirfi3_353962	456	7.6e-44	1	190	31	222	0.994736842105263
GH114.hmm	190	Pirfi3|Pirfi3_405853	285	6.9e-46	1	190	32	222	0.994736842105263
GH114.hmm	190	Pirfi3|Pirfi3_409685	406	2e-52	11	190	40	224	0.942105263157895
GH114.hmm	190	Pirfi3|Pirfi3_580796	506	3.4e-55	1	190	3	198	0.994736842105263
GH114.hmm	190	Pirfi3|Pirfi3_580800	420	1.5e-52	13	190	46	229	0.931578947368421
GH114.hmm	190	Pirfi3|Pirfi3_584240	380	1.2e-55	1	188	33	226	0.984210526315789
GH114.hmm	190	Pirfi3|Pirfi3_586109	359	1.8e-61	1	190	31	226	0.994736842105263
GH115.hmm	697	Pirfi3|Pirfi3_323782	977	8.8e-170	49	640	36	750	0.847919655667145
GH115.hmm	697	Pirfi3|Pirfi3_582540	1118	2.2e-175	4	640	113	891	0.912482065997131
GH124.hmm	332	Pirfi3|Pirfi3_585894	511	2.9e-66	123	332	141	358	0.629518072289157
GH13.hmm	299	Pirfi3|Pirfi3_318024	750	4.7e-42	22	296	273	605	0.916387959866221
GH13.hmm	299	Pirfi3|Pirfi3_332039	708	5.9e-24	21	257	231	499	0.789297658862876
GH13.hmm	299	Pirfi3|Pirfi3_344492	722	3.3e-24	21	255	243	510	0.782608695652174
GH13.hmm	299	Pirfi3|Pirfi3_580619	686	4.6e-25	21	258	208	478	0.792642140468227
GH13.hmm	299	Pirfi3|Pirfi3_583834	550	4.8e-60	12	293	35	404	0.939799331103679
GH130.hmm	296	Pirfi3|Pirfi3_98680	1073	6.5e-08	31	181	603	770	0.506756756756757
GH133.hmm	372	Pirfi3|Pirfi3_579565	1677	1.4e-133	9	372	1181	1659	0.975806451612903
GH16.hmm	189	Pirfi3|Pirfi3_273769	257	1.3e-20	12	176	38	235	0.867724867724868
GH16.hmm	189	Pirfi3|Pirfi3_323707	480	5.5e-49	3	189	212	476	0.984126984126984
GH16.hmm	189	Pirfi3|Pirfi3_334595	462	1.6e-49	3	189	194	458	0.984126984126984
GH16.hmm	189	Pirfi3|Pirfi3_363905	338	9.9e-24	3	188	139	330	0.978835978835979
GH16.hmm	189	Pirfi3|Pirfi3_579845	1155	2.6e-42	3	189	887	1151	0.984126984126984
GH16.hmm	189	Pirfi3|Pirfi3_579845	1155	8.2e-41	3	189	584	848	0.984126984126984
GH16.hmm	189	Pirfi3|Pirfi3_579845	1155	8.3e-45	4	189	283	546	0.978835978835979
GH16.hmm	189	Pirfi3|Pirfi3_586606	257	1.9e-21	12	176	38	237	0.867724867724868
GH18.hmm	296	Pirfi3|Pirfi3_305279	402	5.7e-78	2	285	32	391	0.956081081081081
GH18.hmm	296	Pirfi3|Pirfi3_336610	428	9.7e-85	3	284	44	417	0.949324324324324
GH18.hmm	296	Pirfi3|Pirfi3_347241	492	8.8e-77	2	292	99	487	0.97972972972973
GH18.hmm	296	Pirfi3|Pirfi3_401646	812	1e-73	5	284	433	800	0.942567567567568
GH18.hmm	296	Pirfi3|Pirfi3_402258	501	6.8e-56	21	285	46	394	0.891891891891892
GH18.hmm	296	Pirfi3|Pirfi3_408478	495	7e-81	2	293	30	399	0.983108108108108
GH18.hmm	296	Pirfi3|Pirfi3_412346	611	1e-67	5	285	255	600	0.945945945945946
GH18.hmm	296	Pirfi3|Pirfi3_416219	393	4.1e-65	5	284	42	380	0.942567567567568
GH18.hmm	296	Pirfi3|Pirfi3_585895	519	4.4e-13	33	168	239	412	0.456081081081081
GH2.hmm	752	Pirfi3|Pirfi3_371015	1345	1.1e-120	131	606	159	740	0.631648936170213
GH20.hmm	337	Pirfi3|Pirfi3_375368	683	1.6e-35	10	265	128	358	0.756676557863502
GH24.hmm	137	Pirfi3|Pirfi3_215911	178	1.8e-12	9	123	2	137	0.832116788321168
GH24.hmm	137	Pirfi3|Pirfi3_368559	402	5.6e-28	1	137	135	276	0.992700729927007
GH24.hmm	137	Pirfi3|Pirfi3_369339	402	5.6e-28	1	137	135	276	0.992700729927007
GH24.hmm	137	Pirfi3|Pirfi3_581099	401	3.9e-29	1	137	134	275	0.992700729927007
GH24.hmm	137	Pirfi3|Pirfi3_581264	401	3.9e-29	1	137	134	275	0.992700729927007
GH24.hmm	137	Pirfi3|Pirfi3_587047	401	3.9e-29	1	137	134	275	0.992700729927007
GH24.hmm	137	Pirfi3|Pirfi3_588792	401	7.8e-30	1	137	134	275	0.992700729927007
GH25.hmm	177	Pirfi3|Pirfi3_226396	200	2.2e-34	1	177	6	192	0.994350282485876
GH25.hmm	177	Pirfi3|Pirfi3_261717	225	8.5e-35	1	177	23	209	0.994350282485876
GH25.hmm	177	Pirfi3|Pirfi3_416147	361	3.6e-34	1	177	158	344	0.994350282485876
GH25.hmm	177	Pirfi3|Pirfi3_587202	360	5.5e-34	1	177	157	343	0.994350282485876
GH26.hmm	303	Pirfi3|Pirfi3_286012	574	6.1e-95	1	303	159	460	0.996699669966997
GH26.hmm	303	Pirfi3|Pirfi3_360429	615	6.5e-95	1	303	158	459	0.996699669966997
GH26.hmm	303	Pirfi3|Pirfi3_402549	536	2e-86	2	302	162	466	0.99009900990099
GH26.hmm	303	Pirfi3|Pirfi3_416738	370	6.5e-97	2	301	19	319	0.986798679867987
GH3.hmm	216	Pirfi3|Pirfi3_327806	1285	8.1e-63	4	216	68	273	0.981481481481482
GH3.hmm	216	Pirfi3|Pirfi3_327818	1285	4.2e-62	4	215	68	272	0.976851851851852
GH3.hmm	216	Pirfi3|Pirfi3_338265	834	2.8e-56	23	215	591	793	0.888888888888889
GH3.hmm	216	Pirfi3|Pirfi3_343469	528	1.7e-59	5	216	73	297	0.976851851851852
GH3.hmm	216	Pirfi3|Pirfi3_350610	830	4e-56	23	215	587	789	0.888888888888889
GH3.hmm	216	Pirfi3|Pirfi3_350616	859	8.3e-52	18	216	615	820	0.916666666666667
GH3.hmm	216	Pirfi3|Pirfi3_411898	836	2.2e-56	12	216	536	796	0.944444444444444
GH3.hmm	216	Pirfi3|Pirfi3_440305	830	1.2e-56	23	194	591	765	0.791666666666667
GH3.hmm	216	Pirfi3|Pirfi3_581210	736	5.3e-63	4	216	43	251	0.981481481481482
GH3.hmm	216	Pirfi3|Pirfi3_581211	772	8.1e-63	4	216	63	271	0.981481481481482
GH3.hmm	216	Pirfi3|Pirfi3_581212	772	8.1e-63	4	216	63	271	0.981481481481482
GH3.hmm	216	Pirfi3|Pirfi3_583113	810	9.5e-61	23	216	552	770	0.893518518518518
GH3.hmm	216	Pirfi3|Pirfi3_584349	797	1.2e-66	4	216	63	271	0.981481481481482
GH3.hmm	216	Pirfi3|Pirfi3_585376	866	3e-62	6	216	65	271	0.972222222222222
GH3.hmm	216	Pirfi3|Pirfi3_585851	772	3.6e-63	4	216	63	271	0.981481481481482
GH30.hmm	417	Pirfi3|Pirfi3_579551	614	1.5e-77	27	416	148	608	0.932853717026379
GH31.hmm	427	Pirfi3|Pirfi3_357730	901	9.1e-153	1	427	214	768	0.997658079625293
GH31.hmm	427	Pirfi3|Pirfi3_371115	668	3.7e-72	169	351	474	666	0.426229508196721
GH37.hmm	491	Pirfi3|Pirfi3_323949	953	1.5e-73	2	339	218	640	0.686354378818737
GH37.hmm	491	Pirfi3|Pirfi3_323949	953	2e-46	319	487	712	924	0.342158859470468
GH38.hmm	269	Pirfi3|Pirfi3_585187	1047	1.9e-82	1	260	254	512	0.962825278810409
GH39.hmm	431	Pirfi3|Pirfi3_403819	722	5.3e-20	117	267	124	252	0.348027842227378
GH39.hmm	431	Pirfi3|Pirfi3_414769	737	4e-22	115	268	119	249	0.354988399071926
GH4.hmm	179	Pirfi3|Pirfi3_400174	337	0.00033	40	108	208	277	0.379888268156425
GH43.hmm	248	Pirfi3|Pirfi3_172684	291	1.6e-57	12	246	2	280	0.943548387096774
GH43.hmm	248	Pirfi3|Pirfi3_328425	559	1.2e-24	18	220	122	367	0.814516129032258
GH43.hmm	248	Pirfi3|Pirfi3_339629	327	5e-45	3	245	7	315	0.975806451612903
GH43.hmm	248	Pirfi3|Pirfi3_405956	725	2.9e-51	2	242	43	344	0.967741935483871
GH43.hmm	248	Pirfi3|Pirfi3_582491	589	5.2e-20	12	179	239	438	0.673387096774194
GH43.hmm	248	Pirfi3|Pirfi3_583798	559	1.6e-49	2	241	38	340	0.963709677419355
GH43.hmm	248	Pirfi3|Pirfi3_583799	559	1.6e-49	2	241	38	340	0.963709677419355
GH43.hmm	248	Pirfi3|Pirfi3_584993	582	4.7e-50	2	241	43	344	0.963709677419355
GH43.hmm	248	Pirfi3|Pirfi3_585464	795	8.5e-51	2	242	44	345	0.967741935483871
GH43.hmm	248	Pirfi3|Pirfi3_585568	602	5.4e-46	11	247	144	487	0.951612903225806
GH43.hmm	248	Pirfi3|Pirfi3_586035	827	5.6e-49	1	248	25	296	0.995967741935484
GH43.hmm	248	Pirfi3|Pirfi3_587410	701	2.5e-52	2	242	39	342	0.967741935483871
GH43.hmm	248	Pirfi3|Pirfi3_587411	701	2.5e-52	2	242	39	342	0.967741935483871
GH45.hmm	198	Pirfi3|Pirfi3_180082	408	0.00027	29	105	104	180	0.383838383838384
GH45.hmm	198	Pirfi3|Pirfi3_180082	408	3.2e-79	1	197	199	395	0.98989898989899
GH45.hmm	198	Pirfi3|Pirfi3_333594	363	5.4e-83	1	197	148	348	0.98989898989899
GH45.hmm	198	Pirfi3|Pirfi3_334508	475	4.4e-79	1	197	268	471	0.98989898989899
GH45.hmm	198	Pirfi3|Pirfi3_343913	505	3.4e-81	1	197	291	494	0.98989898989899
GH45.hmm	198	Pirfi3|Pirfi3_345457	481	1e-78	1	197	276	475	0.98989898989899
GH45.hmm	198	Pirfi3|Pirfi3_349730	457	1.7e-85	1	197	254	453	0.98989898989899
GH45.hmm	198	Pirfi3|Pirfi3_375924	259	3.8e-82	1	197	52	246	0.98989898989899
GH45.hmm	198	Pirfi3|Pirfi3_582935	373	1.3e-92	1	197	172	370	0.98989898989899
GH45.hmm	198	Pirfi3|Pirfi3_582936	343	7.6e-93	1	197	141	339	0.98989898989899
GH45.hmm	198	Pirfi3|Pirfi3_582937	344	2.3e-91	1	197	142	340	0.98989898989899
GH45.hmm	198	Pirfi3|Pirfi3_586062	418	1.6e-87	1	197	216	414	0.98989898989899
GH45.hmm	198	Pirfi3|Pirfi3_588857	279	1.5e-63	1	158	123	278	0.792929292929293
GH47.hmm	446	Pirfi3|Pirfi3_276384	543	3.9e-128	1	446	1	422	0.997757847533632
GH48.hmm	617	Pirfi3|Pirfi3_105010	742	7.2e-268	1	615	9	628	0.995137763371151
GH48.hmm	617	Pirfi3|Pirfi3_132356	715	2.1e-268	1	615	29	648	0.995137763371151
GH48.hmm	617	Pirfi3|Pirfi3_317113	769	4.2e-263	1	615	31	650	0.995137763371151
GH48.hmm	617	Pirfi3|Pirfi3_320027	761	1.4e-262	1	615	29	648	0.995137763371151
GH48.hmm	617	Pirfi3|Pirfi3_337951	759	1.3e-262	1	614	27	645	0.993517017828201
GH48.hmm	617	Pirfi3|Pirfi3_345836	761	2.9e-262	1	615	29	648	0.995137763371151
GH48.hmm	617	Pirfi3|Pirfi3_409844	774	1.7e-114	4	616	36	619	0.991896272285251
GH48.hmm	617	Pirfi3|Pirfi3_413703	759	9.3e-263	1	614	27	645	0.993517017828201
GH48.hmm	617	Pirfi3|Pirfi3_580020	769	4.2e-263	1	615	31	650	0.995137763371151
GH48.hmm	617	Pirfi3|Pirfi3_581088	766	1.5e-259	2	615	31	649	0.993517017828201
GH48.hmm	617	Pirfi3|Pirfi3_581094	766	1.5e-259	2	615	31	649	0.993517017828201
GH48.hmm	617	Pirfi3|Pirfi3_581097	766	1.5e-259	2	615	31	649	0.993517017828201
GH48.hmm	617	Pirfi3|Pirfi3_586909	765	1.3e-261	2	615	31	649	0.993517017828201
GH5.hmm	275	Pirfi3|Pirfi3_323169	556	7.6e-59	2	256	212	541	0.923636363636364
GH5.hmm	275	Pirfi3|Pirfi3_339727	497	6.6e-42	11	244	22	313	0.847272727272727
GH5.hmm	275	Pirfi3|Pirfi3_342280	432	7.5e-22	13	232	39	381	0.796363636363636
GH5.hmm	275	Pirfi3|Pirfi3_342286	577	3.1e-27	38	239	60	363	0.730909090909091
GH5.hmm	275	Pirfi3|Pirfi3_353420	945	1.8e-34	6	243	440	736	0.861818181818182
GH5.hmm	275	Pirfi3|Pirfi3_353420	945	2.6e-34	27	243	37	312	0.785454545454545
GH5.hmm	275	Pirfi3|Pirfi3_398634	1193	7.2e-37	11	239	770	1067	0.829090909090909
GH5.hmm	275	Pirfi3|Pirfi3_398634	1193	7.4e-37	11	239	399	696	0.829090909090909
GH5.hmm	275	Pirfi3|Pirfi3_398634	1193	9e-37	13	239	14	309	0.821818181818182
GH5.hmm	275	Pirfi3|Pirfi3_402681	489	5.5e-40	10	233	43	335	0.810909090909091
GH5.hmm	275	Pirfi3|Pirfi3_408588	607	2.1e-59	2	240	263	579	0.865454545454545
GH5.hmm	275	Pirfi3|Pirfi3_411097	433	4.4e-42	24	234	60	333	0.763636363636364
GH5.hmm	275	Pirfi3|Pirfi3_414261	358	1.1e-35	16	234	46	336	0.792727272727273
GH5.hmm	275	Pirfi3|Pirfi3_414952	479	6.2e-61	2	240	135	451	0.865454545454545
GH5.hmm	275	Pirfi3|Pirfi3_415219	473	3.7e-40	23	237	59	336	0.778181818181818
GH5.hmm	275	Pirfi3|Pirfi3_416221	407	3.9e-35	9	238	42	334	0.832727272727273
GH5.hmm	275	Pirfi3|Pirfi3_416344	378	7e-38	13	233	46	335	0.8
GH5.hmm	275	Pirfi3|Pirfi3_580011	617	5.4e-26	11	241	41	364	0.836363636363636
GH5.hmm	275	Pirfi3|Pirfi3_580249	466	5.1e-42	23	237	50	326	0.778181818181818
GH5.hmm	275	Pirfi3|Pirfi3_583326	660	2.2e-40	21	236	53	331	0.781818181818182
GH5.hmm	275	Pirfi3|Pirfi3_583482	479	2e-44	20	239	53	341	0.796363636363636
GH5.hmm	275	Pirfi3|Pirfi3_583590	512	2.2e-39	23	236	59	335	0.774545454545455
GH5.hmm	275	Pirfi3|Pirfi3_584522	489	2.6e-40	22	236	58	335	0.778181818181818
GH5.hmm	275	Pirfi3|Pirfi3_584564	473	1.7e-40	23	238	59	337	0.781818181818182
GH5.hmm	275	Pirfi3|Pirfi3_586365	487	4.1e-40	23	237	59	336	0.778181818181818
GH5.hmm	275	Pirfi3|Pirfi3_586389	464	5.2e-38	23	237	59	320	0.778181818181818
GH5.hmm	275	Pirfi3|Pirfi3_586949	473	3.7e-42	11	238	44	343	0.825454545454545
GH53.hmm	342	Pirfi3|Pirfi3_371177	409	5.7e-17	48	305	75	380	0.751461988304094
GH53.hmm	342	Pirfi3|Pirfi3_72914	550	1.9e-112	1	339	59	422	0.988304093567251
GH6.hmm	294	Pirfi3|Pirfi3_297487	470	1.2e-86	13	289	165	430	0.938775510204082
GH6.hmm	294	Pirfi3|Pirfi3_297634	373	8.7e-81	16	288	70	333	0.925170068027211
GH6.hmm	294	Pirfi3|Pirfi3_318570	614	3.4e-79	13	288	135	401	0.935374149659864
GH6.hmm	294	Pirfi3|Pirfi3_327806	1285	4.4e-75	13	289	833	1122	0.938775510204082
GH6.hmm	294	Pirfi3|Pirfi3_327818	1285	4.4e-75	13	289	833	1122	0.938775510204082
GH6.hmm	294	Pirfi3|Pirfi3_329779	494	1.3e-92	9	290	150	454	0.95578231292517
GH6.hmm	294	Pirfi3|Pirfi3_344770	497	4.4e-92	9	290	153	457	0.95578231292517
GH6.hmm	294	Pirfi3|Pirfi3_344774	488	5.9e-92	9	290	144	448	0.95578231292517
GH6.hmm	294	Pirfi3|Pirfi3_345235	494	2.4e-90	9	290	150	454	0.95578231292517
GH6.hmm	294	Pirfi3|Pirfi3_350406	549	4.7e-86	13	289	244	509	0.938775510204082
GH6.hmm	294	Pirfi3|Pirfi3_355077	494	1.3e-92	9	290	150	454	0.95578231292517
GH6.hmm	294	Pirfi3|Pirfi3_355123	489	3.6e-93	9	290	145	449	0.95578231292517
GH6.hmm	294	Pirfi3|Pirfi3_355128	490	1.8e-92	9	290	146	450	0.95578231292517
GH6.hmm	294	Pirfi3|Pirfi3_373358	259	2.4e-15	15	198	20	210	0.622448979591837
GH6.hmm	294	Pirfi3|Pirfi3_414308	559	9.5e-85	13	289	253	519	0.938775510204082
GH6.hmm	294	Pirfi3|Pirfi3_580535	490	2.6e-92	11	290	149	450	0.948979591836735
GH6.hmm	294	Pirfi3|Pirfi3_583751	464	1.3e-82	7	289	150	424	0.959183673469388
GH6.hmm	294	Pirfi3|Pirfi3_584518	463	5.4e-88	7	289	151	423	0.959183673469388
GH6.hmm	294	Pirfi3|Pirfi3_584692	493	8e-91	9	290	149	453	0.95578231292517
GH6.hmm	294	Pirfi3|Pirfi3_584693	490	2e-92	11	290	149	450	0.948979591836735
GH6.hmm	294	Pirfi3|Pirfi3_586331	468	8.2e-83	7	289	153	427	0.959183673469388
GH64.hmm	367	Pirfi3|Pirfi3_584098	451	3.6e-93	4	366	86	448	0.986376021798365
GH74.hmm	233	Pirfi3|Pirfi3_287345	885	1.1e-12	81	172	199	289	0.390557939914163
GH74.hmm	233	Pirfi3|Pirfi3_287345	885	2.1e-16	47	168	604	728	0.51931330472103
GH74.hmm	233	Pirfi3|Pirfi3_287345	885	4.3e-08	36	115	466	542	0.339055793991416
GH74.hmm	233	Pirfi3|Pirfi3_287345	885	5.4e-16	9	117	78	187	0.463519313304721
GH74.hmm	233	Pirfi3|Pirfi3_363189	846	1.8e-23	3	137	69	209	0.575107296137339
GH74.hmm	233	Pirfi3|Pirfi3_363189	846	2e-12	69	168	192	301	0.424892703862661
GH74.hmm	233	Pirfi3|Pirfi3_363189	846	5.4e-15	21	119	556	653	0.420600858369099
GH74.hmm	233	Pirfi3|Pirfi3_363345	2172	2.4e-07	39	137	54	146	0.420600858369099
GH74.hmm	233	Pirfi3|Pirfi3_363345	2172	3.3e-07	43	161	1470	1603	0.506437768240343
GH74.hmm	233	Pirfi3|Pirfi3_588874	866	1.4e-16	47	169	585	710	0.523605150214592
GH74.hmm	233	Pirfi3|Pirfi3_588874	866	1e-12	81	172	199	289	0.390557939914163
GH74.hmm	233	Pirfi3|Pirfi3_588874	866	4e-08	36	115	466	542	0.339055793991416
GH74.hmm	233	Pirfi3|Pirfi3_588874	866	5.3e-16	9	117	78	187	0.463519313304721
GH8.hmm	320	Pirfi3|Pirfi3_582529	602	2.6e-71	14	319	141	455	0.953125
GH9.hmm	418	Pirfi3|Pirfi3_275109	801	8.8e-118	1	418	25	460	0.997607655502392
GH9.hmm	418	Pirfi3|Pirfi3_305821	801	5.3e-113	1	418	26	458	0.997607655502392
GH9.hmm	418	Pirfi3|Pirfi3_318949	779	4.8e-122	1	418	25	459	0.997607655502392
GH9.hmm	418	Pirfi3|Pirfi3_339078	783	2.6e-115	1	418	24	454	0.997607655502392
GH9.hmm	418	Pirfi3|Pirfi3_362150	790	1.5e-112	1	418	26	456	0.997607655502392
GH9.hmm	418	Pirfi3|Pirfi3_408635	801	8.8e-118	1	418	25	460	0.997607655502392
GH9.hmm	418	Pirfi3|Pirfi3_413263	500	2.3e-115	1	418	22	444	0.997607655502392
GH9.hmm	418	Pirfi3|Pirfi3_579953	771	3.9e-111	1	418	188	618	0.997607655502392
GH9.hmm	418	Pirfi3|Pirfi3_580724	785	1.8e-120	1	418	25	460	0.997607655502392
GH9.hmm	418	Pirfi3|Pirfi3_580889	799	1.3e-116	1	418	25	465	0.997607655502392
GH9.hmm	418	Pirfi3|Pirfi3_66932	780	5.6e-105	1	418	195	624	0.997607655502392
GH9.hmm	418	Pirfi3|Pirfi3_98680	1073	1.6e-72	1	417	24	422	0.995215311004785
GH95.hmm	722	Pirfi3|Pirfi3_342184	1058	6.3e-280	4	715	268	996	0.984764542936288
GT1.hmm	382	Pirfi3|Pirfi3_347285	388	1.3e-27	205	379	204	383	0.455497382198953
GT10.hmm	347	Pirfi3|Pirfi3_583244	709	1.1e-69	92	332	440	680	0.69164265129683
GT10.hmm	347	Pirfi3|Pirfi3_583245	530	2.8e-69	25	332	191	501	0.884726224783862
GT12.hmm	134	Pirfi3|Pirfi3_363346	466	8.4e-05	46	106	223	292	0.447761194029851
GT15.hmm	273	Pirfi3|Pirfi3_335655	358	3.2e-106	3	271	49	312	0.981684981684982
GT17.hmm	284	Pirfi3|Pirfi3_343346	685	1.2e-30	17	148	201	338	0.461267605633803
GT17.hmm	284	Pirfi3|Pirfi3_343346	685	7.9e-09	143	260	378	583	0.411971830985915
GT17.hmm	284	Pirfi3|Pirfi3_409072	978	2e-30	17	148	399	536	0.461267605633803
GT17.hmm	284	Pirfi3|Pirfi3_416615	667	4.4e-31	16	148	199	336	0.464788732394366
GT17.hmm	284	Pirfi3|Pirfi3_453926	664	4.9e-30	17	148	272	409	0.461267605633803
GT17.hmm	284	Pirfi3|Pirfi3_584081	700	3.9e-11	151	254	416	577	0.362676056338028
GT17.hmm	284	Pirfi3|Pirfi3_584081	700	8.4e-32	16	148	232	369	0.464788732394366
GT2.hmm	168	Pirfi3|Pirfi3_107642	836	7.4e-09	2	167	172	407	0.982142857142857
GT2.hmm	168	Pirfi3|Pirfi3_127975	1192	3.2e-13	77	164	641	729	0.517857142857143
GT2.hmm	168	Pirfi3|Pirfi3_147006	1062	3.5e-16	80	164	713	798	0.5
GT2.hmm	168	Pirfi3|Pirfi3_163877	945	6.5e-15	79	164	476	562	0.505952380952381
GT2.hmm	168	Pirfi3|Pirfi3_287351	492	3e-15	4	168	4	205	0.976190476190476
GT2.hmm	168	Pirfi3|Pirfi3_310294	511	0.00061	86	138	158	211	0.30952380952381
GT2.hmm	168	Pirfi3|Pirfi3_324191	1800	3.6e-15	4	162	1149	1391	0.94047619047619
GT2.hmm	168	Pirfi3|Pirfi3_324473	1801	6.2e-16	79	162	1333	1417	0.494047619047619
GT2.hmm	168	Pirfi3|Pirfi3_327722	1834	2.9e-14	79	162	1345	1429	0.494047619047619
GT2.hmm	168	Pirfi3|Pirfi3_330040	949	2e-07	2	165	274	508	0.970238095238095
GT2.hmm	168	Pirfi3|Pirfi3_337174	255	8.8e-33	1	138	54	191	0.81547619047619
GT2.hmm	168	Pirfi3|Pirfi3_343618	2209	2.7e-14	73	163	1853	1944	0.535714285714286
GT2.hmm	168	Pirfi3|Pirfi3_347987	1311	4e-07	3	138	837	989	0.803571428571429
GT2.hmm	168	Pirfi3|Pirfi3_354710	940	5.2e-09	2	166	280	513	0.976190476190476
GT2.hmm	168	Pirfi3|Pirfi3_396997	515	1.6e-15	78	161	164	248	0.494047619047619
GT2.hmm	168	Pirfi3|Pirfi3_407473	334	1.1e-30	1	134	127	258	0.791666666666667
GT2.hmm	168	Pirfi3|Pirfi3_410106	1640	2.3e-15	74	163	1241	1331	0.529761904761905
GT2.hmm	168	Pirfi3|Pirfi3_412813	904	2.4e-06	2	167	252	482	0.982142857142857
GT2.hmm	168	Pirfi3|Pirfi3_416588	278	6.2e-32	1	137	52	189	0.80952380952381
GT2.hmm	168	Pirfi3|Pirfi3_440409	764	7.5e-06	3	138	292	443	0.803571428571429
GT2.hmm	168	Pirfi3|Pirfi3_446561	309	4.8e-05	98	167	3	78	0.410714285714286
GT2.hmm	168	Pirfi3|Pirfi3_581992	238	1.6e-44	1	168	5	175	0.994047619047619
GT2.hmm	168	Pirfi3|Pirfi3_582654	1779	1.3e-15	4	162	1141	1383	0.94047619047619
GT2.hmm	168	Pirfi3|Pirfi3_587189	998	6.3e-14	79	164	573	659	0.505952380952381
GT20.hmm	475	Pirfi3|Pirfi3_301466	748	2.3e-166	51	474	47	466	0.890526315789474
GT20.hmm	475	Pirfi3|Pirfi3_315950	1043	1.7e-161	20	473	201	660	0.953684210526316
GT20.hmm	475	Pirfi3|Pirfi3_346930	803	8.7e-194	13	474	2	464	0.970526315789474
GT20.hmm	475	Pirfi3|Pirfi3_369543	799	1.7e-158	52	473	85	519	0.886315789473684
GT20.hmm	475	Pirfi3|Pirfi3_411783	865	1.5e-200	9	475	65	531	0.981052631578947
GT22.hmm	389	Pirfi3|Pirfi3_322936	532	1.4e-22	1	352	73	510	0.902313624678663
GT22.hmm	389	Pirfi3|Pirfi3_409547	790	1e-103	1	389	270	671	0.997429305912596
GT22.hmm	389	Pirfi3|Pirfi3_412591	653	5.3e-90	2	389	64	507	0.994858611825193
GT22.hmm	389	Pirfi3|Pirfi3_85788	556	7.1e-83	4	358	6	426	0.910025706940874
GT23.hmm	318	Pirfi3|Pirfi3_334869	444	9.3e-07	165	283	263	402	0.371069182389937
GT24.hmm	248	Pirfi3|Pirfi3_588065	1584	2.9e-133	1	248	1290	1537	0.995967741935484
GT28.hmm	157	Pirfi3|Pirfi3_358825	180	3.2e-11	57	123	72	144	0.420382165605096
GT3.hmm	637	Pirfi3|Pirfi3_370510	768	3.1e-285	1	628	17	703	0.984301412872841
GT3.hmm	637	Pirfi3|Pirfi3_49783	753	8.1e-285	1	633	14	709	0.992150706436421
GT31.hmm	192	Pirfi3|Pirfi3_416065	467	1.2e-13	60	188	167	285	0.666666666666667
GT32.hmm	90	Pirfi3|Pirfi3_320476	304	3e-21	3	87	77	156	0.933333333333333
GT32.hmm	90	Pirfi3|Pirfi3_371229	231	7e-13	7	89	1	77	0.911111111111111
GT33.hmm	425	Pirfi3|Pirfi3_412148	473	1e-166	3	424	44	469	0.990588235294118
GT34.hmm	246	Pirfi3|Pirfi3_274099	451	2.4e-24	3	238	211	402	0.955284552845528
GT34.hmm	246	Pirfi3|Pirfi3_277335	471	2.6e-23	21	241	240	423	0.894308943089431
GT34.hmm	246	Pirfi3|Pirfi3_333336	397	1.8e-17	23	209	163	325	0.75609756097561
GT34.hmm	246	Pirfi3|Pirfi3_346191	317	3.9e-19	9	190	153	305	0.735772357723577
GT34.hmm	246	Pirfi3|Pirfi3_366110	523	1.7e-24	3	238	283	474	0.955284552845528
GT34.hmm	246	Pirfi3|Pirfi3_372627	660	5.9e-22	2	235	418	609	0.947154471544715
GT34.hmm	246	Pirfi3|Pirfi3_398112	239	4.6e-27	20	242	8	189	0.902439024390244
GT34.hmm	246	Pirfi3|Pirfi3_400638	244	2e-23	23	243	11	190	0.894308943089431
GT34.hmm	246	Pirfi3|Pirfi3_407486	464	9.8e-20	19	210	227	400	0.776422764227642
GT34.hmm	246	Pirfi3|Pirfi3_407487	493	2.6e-18	19	209	256	431	0.772357723577236
GT34.hmm	246	Pirfi3|Pirfi3_449875	222	1.2e-10	7	97	130	216	0.365853658536585
GT34.hmm	246	Pirfi3|Pirfi3_464196	199	7.5e-16	70	209	11	141	0.565040650406504
GT34.hmm	246	Pirfi3|Pirfi3_581265	439	6.3e-24	9	242	202	397	0.947154471544715
GT34.hmm	246	Pirfi3|Pirfi3_585996	507	3.8e-17	23	208	273	431	0.752032520325203
GT34.hmm	246	Pirfi3|Pirfi3_585997	411	2.4e-09	19	98	159	239	0.321138211382114
GT34.hmm	246	Pirfi3|Pirfi3_585997	411	7.2e-13	130	242	243	357	0.455284552845528
GT35.hmm	674	Pirfi3|Pirfi3_326543	861	8.7e-284	1	674	135	851	0.998516320474777
GT39.hmm	223	Pirfi3|Pirfi3_335285	743	3.8e-71	2	223	61	299	0.991031390134529
GT39.hmm	223	Pirfi3|Pirfi3_355737	692	2.1e-57	2	223	15	258	0.991031390134529
GT39.hmm	223	Pirfi3|Pirfi3_358954	768	1.6e-69	1	223	48	293	0.995515695067265
GT39.hmm	223	Pirfi3|Pirfi3_581645	738	2.9e-74	2	223	56	294	0.991031390134529
GT39.hmm	223	Pirfi3|Pirfi3_586317	745	5.1e-69	2	223	63	302	0.991031390134529
GT39.hmm	223	Pirfi3|Pirfi3_587081	771	3.6e-69	3	223	91	329	0.986547085201794
GT4.hmm	160	Pirfi3|Pirfi3_319500	447	6.4e-34	6	150	212	385	0.9
GT4.hmm	160	Pirfi3|Pirfi3_321568	442	8.3e-35	6	150	193	335	0.9
GT4.hmm	160	Pirfi3|Pirfi3_328513	1635	2.5e-21	8	135	1399	1529	0.79375
GT4.hmm	160	Pirfi3|Pirfi3_333523	529	1.2e-26	6	150	329	490	0.9
GT4.hmm	160	Pirfi3|Pirfi3_580402	666	1.4e-33	3	160	434	611	0.98125
GT4.hmm	160	Pirfi3|Pirfi3_581381	2908	1.4e-20	7	133	2679	2808	0.7875
GT4.hmm	160	Pirfi3|Pirfi3_581386	2960	8.9e-17	9	144	2723	2865	0.84375
GT41.hmm	705	Pirfi3|Pirfi3_408525	799	1.8e-06	61	282	174	397	0.313475177304965
GT45.hmm	115	Pirfi3|Pirfi3_405828	231	0.00089	52	89	4	41	0.321739130434783
GT50.hmm	262	Pirfi3|Pirfi3_322168	413	2.6e-89	1	261	128	383	0.99236641221374
GT58.hmm	364	Pirfi3|Pirfi3_332961	418	2.8e-136	2	364	30	383	0.994505494505495
GT66.hmm	693	Pirfi3|Pirfi3_342966	779	2.3e-186	11	649	20	743	0.920634920634921
GT71.hmm	264	Pirfi3|Pirfi3_272405	341	6e-50	2	264	1	250	0.992424242424242
GT71.hmm	264	Pirfi3|Pirfi3_334683	341	3.6e-57	1	258	6	253	0.973484848484849
GT71.hmm	264	Pirfi3|Pirfi3_401711	446	1e-51	1	262	99	342	0.988636363636364
GT71.hmm	264	Pirfi3|Pirfi3_580102	535	3.3e-54	1	258	201	442	0.973484848484849
GT71.hmm	264	Pirfi3|Pirfi3_583683	545	1.5e-50	1	258	190	435	0.973484848484849
GT71.hmm	264	Pirfi3|Pirfi3_586189	415	4.6e-53	1	262	81	326	0.988636363636364
GT71.hmm	264	Pirfi3|Pirfi3_586439	562	1.9e-50	1	264	224	474	0.996212121212121
GT76.hmm	407	Pirfi3|Pirfi3_365277	476	1.4e-108	1	407	19	475	0.997542997542998
GT8.hmm	257	Pirfi3|Pirfi3_320407	270	2.9e-31	38	246	10	231	0.809338521400778
GT8.hmm	257	Pirfi3|Pirfi3_369930	1388	2.7e-42	29	255	3	233	0.879377431906615
GT8.hmm	257	Pirfi3|Pirfi3_410955	377	5.8e-47	28	255	7	237	0.883268482490272
GT8.hmm	257	Pirfi3|Pirfi3_584388	393	8.7e-32	37	246	131	354	0.813229571984436
GT8.hmm	257	Pirfi3|Pirfi3_584921	1638	9.7e-36	29	256	5	221	0.883268482490272
PL1.hmm	202	Pirfi3|Pirfi3_183625	490	2.3e-51	28	199	125	348	0.846534653465347
PL1.hmm	202	Pirfi3|Pirfi3_319161	285	0.00087	29	98	100	170	0.341584158415842
PL1.hmm	202	Pirfi3|Pirfi3_336178	357	5.6e-58	22	201	106	291	0.886138613861386
PL1.hmm	202	Pirfi3|Pirfi3_362677	553	1.1e-54	27	199	124	348	0.851485148514851
PL1.hmm	202	Pirfi3|Pirfi3_405859	399	1.2e-60	8	201	133	334	0.955445544554455
PL1.hmm	202	Pirfi3|Pirfi3_406560	490	4.1e-50	25	199	121	348	0.861386138613861
PL1.hmm	202	Pirfi3|Pirfi3_407090	388	1.1e-58	9	201	126	323	0.95049504950495
PL1.hmm	202	Pirfi3|Pirfi3_412785	525	4.8e-51	21	199	190	420	0.881188118811881
PL1.hmm	202	Pirfi3|Pirfi3_415882	425	1.3e-59	15	201	169	360	0.920792079207921
PL1.hmm	202	Pirfi3|Pirfi3_581705	492	8.6e-53	26	199	122	347	0.856435643564356
PL1.hmm	202	Pirfi3|Pirfi3_586620	622	8.2e-26	15	194	195	381	0.886138613861386
PL3.hmm	197	Pirfi3|Pirfi3_242943	326	2.4e-59	1	197	106	312	0.99492385786802
PL3.hmm	197	Pirfi3|Pirfi3_404577	319	8.8e-61	2	197	92	296	0.989847715736041
PL3.hmm	197	Pirfi3|Pirfi3_587578	428	4.1e-60	2	196	202	404	0.984771573604061
PL4.hmm	567	Pirfi3|Pirfi3_316903	763	9.8e-120	3	554	17	582	0.971781305114638
PL4.hmm	567	Pirfi3|Pirfi3_359929	962	2.1e-115	3	554	15	578	0.971781305114638
