AA1.hmm	943	Rhihy1|Rhihy1_704021	611	1e-83	381	733	49	416	0.373276776246023
AA1.hmm	943	Rhihy1|Rhihy1_718639	706	6.6e-76	402	712	110	438	0.328738069989396
AA1.hmm	943	Rhihy1|Rhihy1_719551	622	3.2e-66	447	735	104	383	0.305408271474019
AA1.hmm	943	Rhihy1|Rhihy1_724824	604	1.8e-74	434	729	121	402	0.312831389183457
AA11.hmm	191	Rhihy1|Rhihy1_212683	226	4.8e-08	44	161	63	176	0.612565445026178
AA11.hmm	191	Rhihy1|Rhihy1_711918	411	7.5e-09	3	152	22	156	0.780104712041885
AA11.hmm	191	Rhihy1|Rhihy1_761959	235	8e-08	60	147	64	154	0.455497382198953
AA12.hmm	401	Rhihy1|Rhihy1_780131	547	2.5e-56	13	398	95	535	0.960099750623441
AA2.hmm	255	Rhihy1|Rhihy1_478982	471	4.9e-29	21	254	97	333	0.913725490196078
AA2.hmm	255	Rhihy1|Rhihy1_531752	411	3.1e-23	79	251	72	258	0.674509803921569
AA2.hmm	255	Rhihy1|Rhihy1_714009	317	6.3e-24	19	158	61	200	0.545098039215686
AA2.hmm	255	Rhihy1|Rhihy1_714885	375	5.5e-32	21	255	53	270	0.917647058823529
AA2.hmm	255	Rhihy1|Rhihy1_717196	269	1e-67	1	254	5	261	0.992156862745098
AA2.hmm	255	Rhihy1|Rhihy1_717709	152	3.6e-09	139	252	1	99	0.443137254901961
AA2.hmm	255	Rhihy1|Rhihy1_721850	683	1.3e-21	17	241	448	664	0.87843137254902
AA2.hmm	255	Rhihy1|Rhihy1_721850	683	2.1e-07	168	250	315	400	0.32156862745098
AA2.hmm	255	Rhihy1|Rhihy1_721850	683	4e-25	17	115	91	189	0.384313725490196
AA2.hmm	255	Rhihy1|Rhihy1_723033	340	4.1e-62	14	254	82	323	0.941176470588235
AA2.hmm	255	Rhihy1|Rhihy1_760279	312	2.9e-52	2	254	9	263	0.988235294117647
AA2.hmm	255	Rhihy1|Rhihy1_763813	433	6e-31	17	186	163	334	0.662745098039216
AA2.hmm	255	Rhihy1|Rhihy1_771968	767	1.3e-14	14	116	86	189	0.4
AA2.hmm	255	Rhihy1|Rhihy1_771968	767	2.5e-17	8	253	452	724	0.96078431372549
AA2.hmm	255	Rhihy1|Rhihy1_841863	477	4.8e-32	17	189	128	302	0.674509803921569
AA2.hmm	255	Rhihy1|Rhihy1_851297	331	7.9e-39	14	252	51	271	0.933333333333333
AA3.hmm	618	Rhihy1|Rhihy1_699759	440	1.5e-35	149	402	22	434	0.409385113268608
AA3.hmm	618	Rhihy1|Rhihy1_746188	493	1.9e-50	82	402	10	487	0.517799352750809
AA3.hmm	618	Rhihy1|Rhihy1_782161	698	6.5e-84	78	393	110	680	0.509708737864078
AA5.hmm	1281	Rhihy1|Rhihy1_703319	620	4.6e-101	561	1037	23	598	0.371584699453552
AA5.hmm	1281	Rhihy1|Rhihy1_723893	635	1.4e-102	561	1034	25	593	0.369242779078845
AA6.hmm	195	Rhihy1|Rhihy1_694019	202	4e-75	2	194	7	198	0.984615384615385
AA6.hmm	195	Rhihy1|Rhihy1_757618	202	1.6e-71	2	194	7	198	0.984615384615385
AA7.hmm	458	Rhihy1|Rhihy1_111272	424	3.9e-63	64	452	1	378	0.847161572052402
AA7.hmm	458	Rhihy1|Rhihy1_702254	580	1.4e-49	20	213	131	339	0.421397379912664
AA7.hmm	458	Rhihy1|Rhihy1_719311	481	2e-20	2	215	34	255	0.465065502183406
AA7.hmm	458	Rhihy1|Rhihy1_853516	903	3.3e-78	10	224	35	252	0.467248908296943
AA7.hmm	458	Rhihy1|Rhihy1_853516	903	3.4e-78	13	224	495	709	0.460698689956332
CBM12.hmm	34	Rhihy1|Rhihy1_723148	612	0.00012	8	23	150	165	0.441176470588235
CBM12.hmm	34	Rhihy1|Rhihy1_792380	612	0.00012	8	23	150	165	0.441176470588235
CBM13.hmm	188	Rhihy1|Rhihy1_358882	544	2.5e-11	23	157	261	391	0.712765957446808
CBM13.hmm	188	Rhihy1|Rhihy1_358882	544	7e-06	15	133	471	542	0.627659574468085
CBM13.hmm	188	Rhihy1|Rhihy1_742881	613	1.2e-08	43	135	24	109	0.48936170212766
CBM13.hmm	188	Rhihy1|Rhihy1_768633	669	1.2e-07	37	137	549	647	0.531914893617021
CBM13.hmm	188	Rhihy1|Rhihy1_841542	187	1.5e-10	7	86	85	173	0.420212765957447
CBM13.hmm	188	Rhihy1|Rhihy1_841542	187	4e-16	50	139	35	128	0.473404255319149
CBM18.hmm	38	Rhihy1|Rhihy1_111272	424	0.00019	2	31	391	422	0.763157894736842
CBM18.hmm	38	Rhihy1|Rhihy1_858080	373	2.6e-08	2	36	18	53	0.894736842105263
CBM19.hmm	45	Rhihy1|Rhihy1_802356	324	0.00093	27	44	186	203	0.377777777777778
CBM21.hmm	107	Rhihy1|Rhihy1_718916	682	1.8e-10	6	107	363	492	0.94392523364486
CBM21.hmm	107	Rhihy1|Rhihy1_733944	494	6.2e-15	17	105	208	302	0.822429906542056
CBM32.hmm	124	Rhihy1|Rhihy1_657192	149	3.9e-10	6	109	15	129	0.830645161290323
CBM32.hmm	124	Rhihy1|Rhihy1_845696	184	1.5e-10	11	109	21	129	0.790322580645161
CBM47.hmm	128	Rhihy1|Rhihy1_768367	638	1.5e-07	16	76	192	253	0.46875
CBM47.hmm	128	Rhihy1|Rhihy1_768367	638	1.8e-06	17	70	419	473	0.4140625
CBM47.hmm	128	Rhihy1|Rhihy1_768367	638	6.4e-09	16	75	554	614	0.4609375
CBM48.hmm	76	Rhihy1|Rhihy1_759983	666	8.6e-09	2	54	47	111	0.684210526315789
CBM5.hmm	40	Rhihy1|Rhihy1_714282	269	3.2e-11	2	40	17	54	0.95
CBM5.hmm	40	Rhihy1|Rhihy1_715798	664	2.9e-05	10	40	599	628	0.75
CBM5.hmm	40	Rhihy1|Rhihy1_720217	305	9.6e-08	6	32	17	43	0.65
CBM5.hmm	40	Rhihy1|Rhihy1_720772	425	8.6e-10	1	38	21	59	0.925
CBM5.hmm	40	Rhihy1|Rhihy1_722329	529	2.6e-08	2	40	122	159	0.95
CBM5.hmm	40	Rhihy1|Rhihy1_723148	612	6.9e-09	1	40	21	61	0.975
CBM5.hmm	40	Rhihy1|Rhihy1_727026	113	2.8e-10	3	40	9	48	0.925
CBM5.hmm	40	Rhihy1|Rhihy1_733290	1121	1.4e-06	2	40	564	606	0.95
CBM5.hmm	40	Rhihy1|Rhihy1_763826	776	2.1e-07	2	40	595	637	0.95
CBM5.hmm	40	Rhihy1|Rhihy1_768711	506	2.8e-07	2	40	368	410	0.95
CBM5.hmm	40	Rhihy1|Rhihy1_768723	525	4e-06	3	40	97	137	0.925
CBM5.hmm	40	Rhihy1|Rhihy1_787945	751	4.6e-07	2	40	597	639	0.95
CBM5.hmm	40	Rhihy1|Rhihy1_792380	612	6.1e-11	1	40	21	61	0.975
CBM5.hmm	40	Rhihy1|Rhihy1_793737	113	2.8e-10	3	40	9	48	0.925
CBM5.hmm	40	Rhihy1|Rhihy1_802353	818	1.1e-06	1	40	409	451	0.975
CBM5.hmm	40	Rhihy1|Rhihy1_853443	560	2e-07	1	40	147	189	0.975
CBM50.hmm	40	Rhihy1|Rhihy1_110159	179	0.00049	6	27	105	126	0.525
CBM50.hmm	40	Rhihy1|Rhihy1_110159	179	7.8e-09	1	39	21	67	0.95
CBM50.hmm	40	Rhihy1|Rhihy1_173905	202	0.00013	1	28	41	68	0.675
CBM50.hmm	40	Rhihy1|Rhihy1_173905	202	2.8e-06	1	38	123	166	0.925
CBM50.hmm	40	Rhihy1|Rhihy1_712336	578	0.0005	1	40	52	99	0.975
CBM50.hmm	40	Rhihy1|Rhihy1_717072	481	4.1e-06	1	39	125	169	0.95
CBM50.hmm	40	Rhihy1|Rhihy1_717073	439	0.0004	1	38	138	181	0.925
CBM50.hmm	40	Rhihy1|Rhihy1_719349	294	1.7e-08	1	40	48	92	0.975
CBM50.hmm	40	Rhihy1|Rhihy1_850655	540	0.0001	1	27	42	68	0.65
CBM50.hmm	40	Rhihy1|Rhihy1_95016	363	0.00073	7	28	54	76	0.525
CBM71.hmm	205	Rhihy1|Rhihy1_694960	711	2.8e-11	7	106	532	622	0.482926829268293
CBM9.hmm	182	Rhihy1|Rhihy1_716925	389	1.5e-33	2	180	82	283	0.978021978021978
CBM9.hmm	182	Rhihy1|Rhihy1_785001	205	1.3e-22	35	148	1	140	0.620879120879121
CE1.hmm	227	Rhihy1|Rhihy1_60710	390	1.2e-07	28	143	107	292	0.506607929515419
CE1.hmm	227	Rhihy1|Rhihy1_675778	228	1e-10	12	209	6	205	0.86784140969163
CE1.hmm	227	Rhihy1|Rhihy1_712637	329	1.5e-07	104	208	147	307	0.458149779735683
CE1.hmm	227	Rhihy1|Rhihy1_714371	294	5.2e-07	9	141	6	142	0.581497797356828
CE1.hmm	227	Rhihy1|Rhihy1_731376	311	4e-10	23	143	24	208	0.52863436123348
CE1.hmm	227	Rhihy1|Rhihy1_757857	972	1.5e-14	8	174	399	583	0.731277533039648
CE1.hmm	227	Rhihy1|Rhihy1_769400	309	1e-06	5	186	31	261	0.797356828193833
CE1.hmm	227	Rhihy1|Rhihy1_782317	255	8e-08	32	134	1	93	0.449339207048458
CE1.hmm	227	Rhihy1|Rhihy1_783026	323	1.7e-08	24	117	31	123	0.409691629955947
CE1.hmm	227	Rhihy1|Rhihy1_784237	394	6.9e-07	111	201	183	352	0.39647577092511
CE1.hmm	227	Rhihy1|Rhihy1_846488	267	3e-06	25	143	80	202	0.519823788546256
CE1.hmm	227	Rhihy1|Rhihy1_846489	313	1.3e-07	8	208	39	291	0.881057268722467
CE1.hmm	227	Rhihy1|Rhihy1_848834	291	5e-42	9	225	31	287	0.951541850220264
CE1.hmm	227	Rhihy1|Rhihy1_852443	286	4.7e-07	23	143	53	214	0.52863436123348
CE10.hmm	341	Rhihy1|Rhihy1_155532	439	7e-53	93	335	99	347	0.709677419354839
CE10.hmm	341	Rhihy1|Rhihy1_657642	297	3.3e-38	97	336	7	257	0.700879765395894
CE10.hmm	341	Rhihy1|Rhihy1_659646	723	8.4e-33	93	336	199	641	0.712609970674487
CE10.hmm	341	Rhihy1|Rhihy1_704897	646	2.7e-25	87	323	404	635	0.69208211143695
CE10.hmm	341	Rhihy1|Rhihy1_713942	364	5.4e-23	78	335	119	361	0.75366568914956
CE10.hmm	341	Rhihy1|Rhihy1_713948	429	2.3e-40	78	315	143	387	0.695014662756598
CE10.hmm	341	Rhihy1|Rhihy1_715078	493	9.2e-51	81	333	142	410	0.73900293255132
CE10.hmm	341	Rhihy1|Rhihy1_715079	413	7.2e-39	94	258	118	287	0.480938416422287
CE10.hmm	341	Rhihy1|Rhihy1_718966	426	3.4e-13	93	287	124	310	0.56891495601173
CE10.hmm	341	Rhihy1|Rhihy1_720058	644	1.2e-25	87	323	402	633	0.69208211143695
CE10.hmm	341	Rhihy1|Rhihy1_720801	951	8.2e-12	81	313	672	891	0.680351906158358
CE10.hmm	341	Rhihy1|Rhihy1_769667	513	8.2e-49	93	339	173	431	0.721407624633431
CE10.hmm	341	Rhihy1|Rhihy1_770703	676	6.3e-22	81	312	427	655	0.67741935483871
CE10.hmm	341	Rhihy1|Rhihy1_781799	288	3.3e-28	97	337	34	285	0.703812316715543
CE10.hmm	341	Rhihy1|Rhihy1_782303	466	9.7e-29	99	332	186	425	0.683284457478006
CE10.hmm	341	Rhihy1|Rhihy1_782304	475	7.3e-29	95	336	176	433	0.706744868035191
CE10.hmm	341	Rhihy1|Rhihy1_80362	299	6.3e-25	93	253	87	270	0.469208211143695
CE10.hmm	341	Rhihy1|Rhihy1_845911	377	5.3e-21	93	334	105	366	0.706744868035191
CE10.hmm	341	Rhihy1|Rhihy1_848219	383	6.1e-26	97	316	143	359	0.642228739002933
CE10.hmm	341	Rhihy1|Rhihy1_848616	515	8.9e-10	63	190	368	509	0.372434017595308
CE10.hmm	341	Rhihy1|Rhihy1_852192	535	1.6e-07	72	211	230	377	0.407624633431085
CE10.hmm	341	Rhihy1|Rhihy1_852859	394	1.9e-36	94	330	117	338	0.69208211143695
CE10.hmm	341	Rhihy1|Rhihy1_856419	547	1.1e-31	76	193	83	229	0.343108504398827
CE12.hmm	210	Rhihy1|Rhihy1_677777	248	7.4e-09	1	206	9	226	0.976190476190476
CE12.hmm	210	Rhihy1|Rhihy1_714557	336	2.6e-10	1	210	75	300	0.995238095238095
CE12.hmm	210	Rhihy1|Rhihy1_717875	308	4.8e-07	4	209	63	264	0.976190476190476
CE12.hmm	210	Rhihy1|Rhihy1_766914	559	5.2e-09	1	117	311	426	0.552380952380952
CE12.hmm	210	Rhihy1|Rhihy1_786020	308	1.1e-07	1	207	48	259	0.980952380952381
CE14.hmm	124	Rhihy1|Rhihy1_715251	279	3e-14	1	123	50	154	0.983870967741935
CE16.hmm	267	Rhihy1|Rhihy1_428120	304	4.1e-28	2	265	8	274	0.98501872659176
CE16.hmm	267	Rhihy1|Rhihy1_769847	287	8.8e-29	34	264	20	252	0.861423220973783
CE16.hmm	267	Rhihy1|Rhihy1_769848	292	1.5e-23	29	264	37	274	0.880149812734082
CE16.hmm	267	Rhihy1|Rhihy1_769858	360	1.1e-31	2	264	28	288	0.9812734082397
CE16.hmm	267	Rhihy1|Rhihy1_770868	203	2e-09	31	166	52	185	0.50561797752809
CE16.hmm	267	Rhihy1|Rhihy1_832896	355	1.6e-28	2	264	28	294	0.9812734082397
CE16.hmm	267	Rhihy1|Rhihy1_843169	401	8.8e-12	147	264	205	326	0.438202247191011
CE16.hmm	267	Rhihy1|Rhihy1_843248	1055	2.2e-15	28	263	327	570	0.880149812734082
CE16.hmm	267	Rhihy1|Rhihy1_843248	1055	4.5e-14	49	264	50	268	0.805243445692884
CE16.hmm	267	Rhihy1|Rhihy1_853567	456	4.2e-29	2	264	28	293	0.9812734082397
CE3.hmm	194	Rhihy1|Rhihy1_503227	257	4.9e-06	68	152	62	155	0.43298969072165
CE3.hmm	194	Rhihy1|Rhihy1_660577	313	6.1e-08	4	186	68	262	0.938144329896907
CE3.hmm	194	Rhihy1|Rhihy1_680338	252	3.3e-09	3	170	6	170	0.860824742268041
CE3.hmm	194	Rhihy1|Rhihy1_717877	513	3.3e-06	3	132	52	172	0.664948453608247
CE3.hmm	194	Rhihy1|Rhihy1_719378	206	8.4e-14	1	189	5	192	0.969072164948454
CE3.hmm	194	Rhihy1|Rhihy1_766914	559	4.1e-09	3	183	43	231	0.927835051546392
CE3.hmm	194	Rhihy1|Rhihy1_773388	268	1.4e-08	70	188	71	214	0.608247422680412
CE3.hmm	194	Rhihy1|Rhihy1_851452	585	1.5e-06	3	185	72	264	0.938144329896907
CE3.hmm	194	Rhihy1|Rhihy1_851452	585	1e-07	54	186	370	528	0.680412371134021
CE3.hmm	194	Rhihy1|Rhihy1_855690	268	6.4e-08	70	163	71	186	0.479381443298969
CE4.hmm	130	Rhihy1|Rhihy1_306744	187	5.6e-21	35	125	1	92	0.692307692307692
CE4.hmm	130	Rhihy1|Rhihy1_426032	237	4.4e-10	66	125	9	69	0.453846153846154
CE4.hmm	130	Rhihy1|Rhihy1_645994	225	4e-32	10	126	11	135	0.892307692307692
CE4.hmm	130	Rhihy1|Rhihy1_656662	200	1.3e-29	18	123	1	107	0.807692307692308
CE4.hmm	130	Rhihy1|Rhihy1_659018	221	3.7e-30	10	127	6	131	0.9
CE4.hmm	130	Rhihy1|Rhihy1_659323	79	3e-17	50	119	3	74	0.530769230769231
CE4.hmm	130	Rhihy1|Rhihy1_697621	363	6.2e-28	7	125	154	279	0.907692307692308
CE4.hmm	130	Rhihy1|Rhihy1_712242	366	4.6e-22	7	123	87	206	0.892307692307692
CE4.hmm	130	Rhihy1|Rhihy1_716630	427	3.4e-25	7	124	145	267	0.9
CE4.hmm	130	Rhihy1|Rhihy1_719169	318	1.1e-28	5	124	43	163	0.915384615384615
CE4.hmm	130	Rhihy1|Rhihy1_740001	332	4.3e-18	12	124	48	180	0.861538461538462
CE4.hmm	130	Rhihy1|Rhihy1_759304	322	5.3e-13	24	102	81	160	0.6
CE4.hmm	130	Rhihy1|Rhihy1_767868	260	4.6e-22	35	124	1	91	0.684615384615385
CE4.hmm	130	Rhihy1|Rhihy1_787171	294	2.5e-31	10	125	83	199	0.884615384615385
CE5.hmm	189	Rhihy1|Rhihy1_715369	576	0.00019	26	103	163	239	0.407407407407407
CE9.hmm	373	Rhihy1|Rhihy1_763521	506	2.7e-118	1	362	100	482	0.967828418230563
CE9.hmm	373	Rhihy1|Rhihy1_854167	565	4.3e-115	3	362	146	540	0.962466487935657
GH1.hmm	429	Rhihy1|Rhihy1_655412	489	3.8e-104	8	426	10	428	0.974358974358974
GH1.hmm	429	Rhihy1|Rhihy1_715428	518	1.5e-109	3	427	9	458	0.988344988344988
GH1.hmm	429	Rhihy1|Rhihy1_764746	1096	3.2e-109	3	425	589	1040	0.983682983682984
GH1.hmm	429	Rhihy1|Rhihy1_855670	523	4.5e-98	6	427	6	465	0.981351981351981
GH109.hmm	126	Rhihy1|Rhihy1_713173	366	1.5e-10	2	119	12	120	0.928571428571429
GH109.hmm	126	Rhihy1|Rhihy1_713241	396	9.1e-09	60	114	70	124	0.428571428571429
GH109.hmm	126	Rhihy1|Rhihy1_848615	382	6e-08	2	118	34	141	0.920634920634921
GH114.hmm	190	Rhihy1|Rhihy1_698222	319	2.2e-55	1	190	13	217	0.994736842105263
GH114.hmm	190	Rhihy1|Rhihy1_849075	441	6.9e-31	87	190	278	389	0.542105263157895
GH121.hmm	1392	Rhihy1|Rhihy1_694960	711	3e-15	309	773	37	496	0.333333333333333
GH121.hmm	1392	Rhihy1|Rhihy1_720421	709	5.1e-22	308	771	41	501	0.332614942528736
GH13.hmm	299	Rhihy1|Rhihy1_759983	666	3.6e-28	22	290	191	513	0.896321070234114
GH133.hmm	372	Rhihy1|Rhihy1_719236	1529	5.8e-78	17	261	1170	1498	0.655913978494624
GH133.hmm	372	Rhihy1|Rhihy1_759684	1695	3.9e-128	8	372	1185	1687	0.978494623655914
GH135.hmm	237	Rhihy1|Rhihy1_711610	739	2.7e-29	2	232	34	243	0.970464135021097
GH135.hmm	237	Rhihy1|Rhihy1_711610	739	2.9e-24	1	231	271	478	0.970464135021097
GH135.hmm	237	Rhihy1|Rhihy1_711610	739	3.6e-41	1	228	514	728	0.957805907172996
GH15.hmm	361	Rhihy1|Rhihy1_713435	1542	8.2e-18	14	282	25	307	0.742382271468144
GH15.hmm	361	Rhihy1|Rhihy1_719749	509	5.2e-58	13	359	43	493	0.958448753462604
GH15.hmm	361	Rhihy1|Rhihy1_848941	907	1.7e-65	14	359	36	482	0.955678670360111
GH15.hmm	361	Rhihy1|Rhihy1_853118	519	1.2e-57	13	359	43	503	0.958448753462604
GH15.hmm	361	Rhihy1|Rhihy1_857599	519	9.5e-58	13	359	43	503	0.958448753462604
GH16.hmm	189	Rhihy1|Rhihy1_715581	348	6.9e-20	59	175	24	168	0.613756613756614
GH16.hmm	189	Rhihy1|Rhihy1_721020	946	7.5e-24	4	188	91	331	0.973544973544973
GH16.hmm	189	Rhihy1|Rhihy1_726177	293	1.2e-42	2	189	32	267	0.989417989417989
GH16.hmm	189	Rhihy1|Rhihy1_736674	235	4.3e-19	36	176	49	208	0.740740740740741
GH16.hmm	189	Rhihy1|Rhihy1_756025	386	1.5e-35	6	189	46	382	0.968253968253968
GH16.hmm	189	Rhihy1|Rhihy1_764892	456	3.8e-22	32	175	46	220	0.756613756613757
GH16.hmm	189	Rhihy1|Rhihy1_821733	391	1.8e-30	5	189	44	386	0.973544973544973
GH16.hmm	189	Rhihy1|Rhihy1_853462	375	1.2e-20	35	175	48	221	0.740740740740741
GH16.hmm	189	Rhihy1|Rhihy1_858080	373	2.9e-21	3	188	91	320	0.978835978835979
GH18.hmm	296	Rhihy1|Rhihy1_182450	240	8.1e-40	3	197	22	239	0.655405405405405
GH18.hmm	296	Rhihy1|Rhihy1_326527	353	5.4e-61	52	283	9	340	0.780405405405405
GH18.hmm	296	Rhihy1|Rhihy1_470792	454	6.7e-61	3	287	43	437	0.959459459459459
GH18.hmm	296	Rhihy1|Rhihy1_529401	247	4.8e-17	50	216	29	203	0.560810810810811
GH18.hmm	296	Rhihy1|Rhihy1_5801	456	3.6e-15	2	203	80	342	0.679054054054054
GH18.hmm	296	Rhihy1|Rhihy1_639288	239	9.8e-23	48	231	20	230	0.618243243243243
GH18.hmm	296	Rhihy1|Rhihy1_656030	339	1.2e-45	31	272	7	339	0.814189189189189
GH18.hmm	296	Rhihy1|Rhihy1_656160	353	5.4e-55	41	282	21	350	0.814189189189189
GH18.hmm	296	Rhihy1|Rhihy1_658677	398	9.9e-61	6	284	2	386	0.939189189189189
GH18.hmm	296	Rhihy1|Rhihy1_660663	346	4.6e-60	52	286	9	336	0.790540540540541
GH18.hmm	296	Rhihy1|Rhihy1_662527	255	2.4e-18	48	211	23	227	0.550675675675676
GH18.hmm	296	Rhihy1|Rhihy1_676261	328	8.3e-61	61	284	1	316	0.753378378378378
GH18.hmm	296	Rhihy1|Rhihy1_696565	330	7.8e-24	69	279	101	320	0.709459459459459
GH18.hmm	296	Rhihy1|Rhihy1_711741	453	2e-17	2	256	76	437	0.858108108108108
GH18.hmm	296	Rhihy1|Rhihy1_712056	398	1.1e-61	3	284	21	352	0.949324324324324
GH18.hmm	296	Rhihy1|Rhihy1_712057	436	3e-67	3	283	21	338	0.945945945945946
GH18.hmm	296	Rhihy1|Rhihy1_713946	435	3.8e-19	5	222	148	396	0.733108108108108
GH18.hmm	296	Rhihy1|Rhihy1_714925	480	6.5e-16	2	196	80	347	0.655405405405405
GH18.hmm	296	Rhihy1|Rhihy1_715897	452	4.9e-21	30	211	203	423	0.611486486486487
GH18.hmm	296	Rhihy1|Rhihy1_715959	468	2.4e-56	3	286	4	400	0.956081081081081
GH18.hmm	296	Rhihy1|Rhihy1_718972	505	4.2e-13	5	203	111	374	0.668918918918919
GH18.hmm	296	Rhihy1|Rhihy1_719157	452	6.6e-14	2	172	67	379	0.574324324324324
GH18.hmm	296	Rhihy1|Rhihy1_719511	422	1.7e-14	2	204	135	368	0.682432432432432
GH18.hmm	296	Rhihy1|Rhihy1_721347	577	3.4e-15	3	203	189	448	0.675675675675676
GH18.hmm	296	Rhihy1|Rhihy1_721387	273	1.1e-18	3	259	17	270	0.864864864864865
GH18.hmm	296	Rhihy1|Rhihy1_722077	402	3.3e-10	48	152	33	189	0.351351351351351
GH18.hmm	296	Rhihy1|Rhihy1_722329	529	5.5e-36	5	274	180	518	0.908783783783784
GH18.hmm	296	Rhihy1|Rhihy1_723148	612	4.1e-69	5	283	203	599	0.939189189189189
GH18.hmm	296	Rhihy1|Rhihy1_763826	776	3.9e-09	84	189	240	398	0.35472972972973
GH18.hmm	296	Rhihy1|Rhihy1_764862	867	1.5e-55	5	288	75	483	0.956081081081081
GH18.hmm	296	Rhihy1|Rhihy1_764862	867	1.6e-17	5	106	494	632	0.341216216216216
GH18.hmm	296	Rhihy1|Rhihy1_764862	867	3.5e-29	141	287	631	858	0.493243243243243
GH18.hmm	296	Rhihy1|Rhihy1_768711	506	1.8e-12	33	160	48	214	0.429054054054054
GH18.hmm	296	Rhihy1|Rhihy1_768744	514	7.5e-10	22	205	139	389	0.618243243243243
GH18.hmm	296	Rhihy1|Rhihy1_769025	348	6e-12	32	181	15	197	0.503378378378378
GH18.hmm	296	Rhihy1|Rhihy1_770688	396	6.5e-08	85	189	177	332	0.351351351351351
GH18.hmm	296	Rhihy1|Rhihy1_772840	454	6e-19	5	201	164	398	0.662162162162162
GH18.hmm	296	Rhihy1|Rhihy1_772850	354	7.3e-17	5	202	81	299	0.665540540540541
GH18.hmm	296	Rhihy1|Rhihy1_787945	751	1.6e-73	3	285	27	489	0.952702702702703
GH18.hmm	296	Rhihy1|Rhihy1_792380	612	1.3e-69	5	283	203	599	0.939189189189189
GH18.hmm	296	Rhihy1|Rhihy1_802353	818	1.2e-59	58	286	2	321	0.77027027027027
GH18.hmm	296	Rhihy1|Rhihy1_829406	438	1.5e-66	2	282	3	367	0.945945945945946
GH18.hmm	296	Rhihy1|Rhihy1_834761	675	1.1e-07	33	198	80	408	0.557432432432432
GH18.hmm	296	Rhihy1|Rhihy1_839953	236	2.3e-13	48	197	21	182	0.503378378378378
GH18.hmm	296	Rhihy1|Rhihy1_846943	640	6.3e-76	3	284	28	490	0.949324324324324
GH18.hmm	296	Rhihy1|Rhihy1_852168	506	5.2e-68	6	283	170	500	0.935810810810811
GH18.hmm	296	Rhihy1|Rhihy1_853429	428	4.4e-14	33	160	48	212	0.429054054054054
GH18.hmm	296	Rhihy1|Rhihy1_854007	855	3.7e-12	5	160	107	341	0.523648648648649
GH18.hmm	296	Rhihy1|Rhihy1_854775	501	4.8e-09	24	186	85	410	0.547297297297297
GH18.hmm	296	Rhihy1|Rhihy1_854778	501	6.4e-08	65	184	231	409	0.402027027027027
GH18.hmm	296	Rhihy1|Rhihy1_856174	715	3.7e-09	84	198	334	496	0.385135135135135
GH19.hmm	231	Rhihy1|Rhihy1_159911	372	3.9e-25	58	231	230	371	0.748917748917749
GH19.hmm	231	Rhihy1|Rhihy1_247304	239	2.8e-21	51	163	90	183	0.484848484848485
GH19.hmm	231	Rhihy1|Rhihy1_429125	273	1.2e-20	59	224	130	265	0.714285714285714
GH19.hmm	231	Rhihy1|Rhihy1_429143	84	3.9e-05	134	224	2	76	0.38961038961039
GH19.hmm	231	Rhihy1|Rhihy1_721419	643	1.9e-21	59	224	500	635	0.714285714285714
GH19.hmm	231	Rhihy1|Rhihy1_768723	525	2.2e-57	1	231	205	461	0.995670995670996
GH19.hmm	231	Rhihy1|Rhihy1_785891	424	1.5e-21	38	155	46	148	0.506493506493506
GH19.hmm	231	Rhihy1|Rhihy1_802353	818	1.9e-46	1	191	523	738	0.822510822510823
GH19.hmm	231	Rhihy1|Rhihy1_843174	862	3.2e-23	58	224	722	854	0.718614718614719
GH19.hmm	231	Rhihy1|Rhihy1_851315	334	4e-24	50	168	60	163	0.510822510822511
GH19.hmm	231	Rhihy1|Rhihy1_853443	560	6.4e-49	1	231	256	496	0.995670995670996
GH2.hmm	752	Rhihy1|Rhihy1_262064	346	2.2e-41	156	388	21	316	0.308510638297872
GH2.hmm	752	Rhihy1|Rhihy1_786473	727	6.5e-77	89	492	122	677	0.535904255319149
GH20.hmm	337	Rhihy1|Rhihy1_645905	397	3.1e-80	8	336	30	389	0.973293768545994
GH20.hmm	337	Rhihy1|Rhihy1_655640	507	1.5e-78	8	336	45	439	0.973293768545994
GH20.hmm	337	Rhihy1|Rhihy1_699238	642	2.4e-72	8	336	181	575	0.973293768545994
GH20.hmm	337	Rhihy1|Rhihy1_717243	659	3.3e-75	8	336	160	564	0.973293768545994
GH20.hmm	337	Rhihy1|Rhihy1_718877	652	2.3e-73	8	336	191	585	0.973293768545994
GH20.hmm	337	Rhihy1|Rhihy1_718893	652	9.6e-73	8	336	191	585	0.973293768545994
GH20.hmm	337	Rhihy1|Rhihy1_767671	642	1.9e-72	8	336	181	575	0.973293768545994
GH20.hmm	337	Rhihy1|Rhihy1_780090	627	5.5e-63	8	335	163	519	0.970326409495549
GH20.hmm	337	Rhihy1|Rhihy1_802037	612	3.1e-80	8	336	161	545	0.973293768545994
GH20.hmm	337	Rhihy1|Rhihy1_827038	610	3.9e-77	8	336	145	535	0.973293768545994
GH20.hmm	337	Rhihy1|Rhihy1_852962	971	3.1e-75	8	335	198	543	0.970326409495549
GH20.hmm	337	Rhihy1|Rhihy1_857283	547	3.9e-74	7	336	61	430	0.976261127596439
GH26.hmm	303	Rhihy1|Rhihy1_257843	517	1.8e-20	132	224	219	346	0.303630363036304
GH26.hmm	303	Rhihy1|Rhihy1_417854	460	1.5e-16	117	252	142	341	0.445544554455446
GH26.hmm	303	Rhihy1|Rhihy1_426395	273	3.8e-18	157	254	19	129	0.32013201320132
GH26.hmm	303	Rhihy1|Rhihy1_498469	375	1.5e-26	118	252	75	225	0.442244224422442
GH26.hmm	303	Rhihy1|Rhihy1_500779	348	1.8e-20	131	255	60	219	0.409240924092409
GH26.hmm	303	Rhihy1|Rhihy1_659561	477	2.6e-21	129	254	137	318	0.412541254125413
GH26.hmm	303	Rhihy1|Rhihy1_700449	341	5.2e-23	132	254	26	180	0.402640264026403
GH26.hmm	303	Rhihy1|Rhihy1_715036	343	1.5e-16	130	225	122	221	0.313531353135314
GH26.hmm	303	Rhihy1|Rhihy1_718443	457	1.4e-16	118	255	143	353	0.452145214521452
GH26.hmm	303	Rhihy1|Rhihy1_720735	481	3.1e-27	90	254	154	327	0.541254125412541
GH26.hmm	303	Rhihy1|Rhihy1_722073	445	2.8e-22	128	227	118	224	0.326732673267327
GH26.hmm	303	Rhihy1|Rhihy1_722165	457	1.4e-23	131	233	105	253	0.336633663366337
GH26.hmm	303	Rhihy1|Rhihy1_763964	322	1.7e-21	147	262	4	148	0.37953795379538
GH26.hmm	303	Rhihy1|Rhihy1_773060	466	4e-21	128	226	103	245	0.323432343234323
GH26.hmm	303	Rhihy1|Rhihy1_782985	447	7.3e-21	131	228	130	258	0.32013201320132
GH26.hmm	303	Rhihy1|Rhihy1_848661	432	2.3e-19	132	237	120	267	0.346534653465347
GH27.hmm	375	Rhihy1|Rhihy1_720794	500	3.2e-25	120	240	82	193	0.32
GH27.hmm	375	Rhihy1|Rhihy1_854113	435	2.9e-15	120	238	105	214	0.314666666666667
GH27.hmm	375	Rhihy1|Rhihy1_854115	470	1.2e-26	254	372	208	316	0.314666666666667
GH28.hmm	325	Rhihy1|Rhihy1_855641	424	8.4e-62	8	307	100	409	0.92
GH3.hmm	216	Rhihy1|Rhihy1_721355	723	7.3e-33	84	194	166	277	0.509259259259259
GH3.hmm	216	Rhihy1|Rhihy1_759485	732	1.9e-63	11	193	79	261	0.842592592592593
GH3.hmm	216	Rhihy1|Rhihy1_789519	1548	1e-53	5	196	254	445	0.884259259259259
GH3.hmm	216	Rhihy1|Rhihy1_789519	1548	2e-46	4	198	971	1157	0.898148148148148
GH30.hmm	417	Rhihy1|Rhihy1_715231	585	3.9e-42	60	395	165	530	0.803357314148681
GH30.hmm	417	Rhihy1|Rhihy1_716101	361	2.9e-09	26	192	36	227	0.398081534772182
GH30.hmm	417	Rhihy1|Rhihy1_848856	572	2.1e-49	27	395	115	515	0.882494004796163
GH31.hmm	427	Rhihy1|Rhihy1_713190	738	9.4e-72	198	427	364	595	0.536299765807963
GH31.hmm	427	Rhihy1|Rhihy1_740190	656	7.8e-159	3	427	77	519	0.992974238875878
GH31.hmm	427	Rhihy1|Rhihy1_741583	806	1e-59	196	427	354	585	0.540983606557377
GH31.hmm	427	Rhihy1|Rhihy1_781984	627	2.1e-64	159	427	116	384	0.627634660421546
GH31.hmm	427	Rhihy1|Rhihy1_787712	760	4.9e-113	2	426	217	662	0.992974238875878
GH35.hmm	307	Rhihy1|Rhihy1_712607	980	5.6e-71	1	294	70	416	0.954397394136808
GH35.hmm	307	Rhihy1|Rhihy1_715752	1031	1.6e-71	1	294	66	419	0.954397394136808
GH35.hmm	307	Rhihy1|Rhihy1_764879	921	2.9e-100	3	306	123	430	0.986970684039088
GH35.hmm	307	Rhihy1|Rhihy1_852858	732	3.5e-104	2	306	62	365	0.990228013029316
GH37.hmm	491	Rhihy1|Rhihy1_848102	792	5.1e-71	15	314	188	537	0.608961303462322
GH38.hmm	269	Rhihy1|Rhihy1_702726	1105	1.1e-80	2	260	273	531	0.95910780669145
GH38.hmm	269	Rhihy1|Rhihy1_723181	1114	1e-83	2	260	278	536	0.95910780669145
GH38.hmm	269	Rhihy1|Rhihy1_856310	886	1.5e-80	2	261	271	530	0.962825278810409
GH46.hmm	222	Rhihy1|Rhihy1_474025	308	3.2e-09	4	75	149	220	0.31981981981982
GH46.hmm	222	Rhihy1|Rhihy1_474043	142	4.6e-10	5	121	4	134	0.522522522522523
GH46.hmm	222	Rhihy1|Rhihy1_650470	197	1.1e-29	8	192	5	190	0.828828828828829
GH46.hmm	222	Rhihy1|Rhihy1_702123	245	7.2e-34	5	211	4	213	0.927927927927928
GH46.hmm	222	Rhihy1|Rhihy1_718061	246	1e-21	7	215	28	223	0.936936936936937
GH46.hmm	222	Rhihy1|Rhihy1_725269	345	1.1e-27	3	221	73	307	0.981981981981982
GH47.hmm	446	Rhihy1|Rhihy1_659270	417	2.8e-127	1	439	1	413	0.982062780269058
GH47.hmm	446	Rhihy1|Rhihy1_664185	633	3.8e-134	1	446	16	472	0.997757847533632
GH47.hmm	446	Rhihy1|Rhihy1_716284	662	1.4e-102	1	445	147	645	0.995515695067265
GH47.hmm	446	Rhihy1|Rhihy1_716285	581	1.2e-63	1	211	141	351	0.47085201793722
GH47.hmm	446	Rhihy1|Rhihy1_716285	581	9.9e-30	290	446	394	564	0.349775784753363
GH47.hmm	446	Rhihy1|Rhihy1_717409	573	2.4e-140	1	445	82	521	0.995515695067265
GH47.hmm	446	Rhihy1|Rhihy1_780259	492	9.5e-84	65	445	114	465	0.852017937219731
GH47.hmm	446	Rhihy1|Rhihy1_791470	887	7.1e-102	46	445	493	873	0.894618834080718
GH47.hmm	446	Rhihy1|Rhihy1_800667	607	2.7e-132	1	446	71	490	0.997757847533632
GH5.hmm	275	Rhihy1|Rhihy1_237367	412	1e-08	96	246	106	390	0.545454545454545
GH5.hmm	275	Rhihy1|Rhihy1_521334	413	3.5e-21	15	238	108	368	0.810909090909091
GH5.hmm	275	Rhihy1|Rhihy1_698030	289	5.9e-16	36	230	19	288	0.705454545454545
GH5.hmm	275	Rhihy1|Rhihy1_700410	791	1.9e-18	10	235	469	762	0.818181818181818
GH5.hmm	275	Rhihy1|Rhihy1_713730	560	8.6e-26	6	237	33	439	0.84
GH5.hmm	275	Rhihy1|Rhihy1_715461	541	1.9e-17	33	232	236	511	0.723636363636364
GH5.hmm	275	Rhihy1|Rhihy1_718573	564	1.3e-33	27	233	66	387	0.749090909090909
GH5.hmm	275	Rhihy1|Rhihy1_718574	512	1.2e-32	33	233	72	386	0.727272727272727
GH5.hmm	275	Rhihy1|Rhihy1_720471	514	1.9e-16	33	237	210	488	0.741818181818182
GH5.hmm	275	Rhihy1|Rhihy1_721003	800	6.4e-40	4	239	41	553	0.854545454545454
GH5.hmm	275	Rhihy1|Rhihy1_722380	394	4.4e-20	11	229	102	338	0.792727272727273
GH5.hmm	275	Rhihy1|Rhihy1_761663	587	9e-13	57	237	81	413	0.654545454545455
GH5.hmm	275	Rhihy1|Rhihy1_761664	614	9e-13	47	240	75	411	0.701818181818182
GH5.hmm	275	Rhihy1|Rhihy1_761760	567	2.6e-14	55	236	79	411	0.658181818181818
GH5.hmm	275	Rhihy1|Rhihy1_803354	579	1.7e-10	40	239	71	409	0.723636363636364
GH5.hmm	275	Rhihy1|Rhihy1_837891	601	6.5e-09	35	240	263	515	0.745454545454545
GH5.hmm	275	Rhihy1|Rhihy1_852053	574	2.4e-32	28	237	61	384	0.76
GH5.hmm	275	Rhihy1|Rhihy1_854315	863	3e-36	4	238	74	586	0.850909090909091
GH5.hmm	275	Rhihy1|Rhihy1_854660	516	6.8e-23	11	242	77	427	0.84
GH63.hmm	570	Rhihy1|Rhihy1_695123	961	3.5e-23	363	566	499	951	0.356140350877193
GH74.hmm	233	Rhihy1|Rhihy1_855925	2122	2.7e-05	21	103	731	808	0.351931330472103
GH74.hmm	233	Rhihy1|Rhihy1_855925	2122	7.5e-07	48	120	1023	1129	0.309012875536481
GH76.hmm	358	Rhihy1|Rhihy1_530500	417	5.8e-47	48	326	26	337	0.776536312849162
GH76.hmm	358	Rhihy1|Rhihy1_579333	463	2e-48	46	316	43	329	0.754189944134078
GH76.hmm	358	Rhihy1|Rhihy1_667414	188	8.1e-29	153	313	1	165	0.446927374301676
GH76.hmm	358	Rhihy1|Rhihy1_725461	435	2e-48	21	315	34	358	0.82122905027933
GH76.hmm	358	Rhihy1|Rhihy1_725495	468	8.9e-33	47	324	39	320	0.773743016759777
GH76.hmm	358	Rhihy1|Rhihy1_725507	626	1.3e-42	36	316	60	381	0.782122905027933
GH76.hmm	358	Rhihy1|Rhihy1_746086	454	1.7e-50	43	314	20	329	0.756983240223464
GH76.hmm	358	Rhihy1|Rhihy1_793819	591	1.4e-37	34	322	53	345	0.804469273743017
GH76.hmm	358	Rhihy1|Rhihy1_849613	692	1.1e-41	19	326	38	364	0.857541899441341
GH76.hmm	358	Rhihy1|Rhihy1_858496	472	5.2e-43	51	315	94	393	0.737430167597765
GH76.hmm	358	Rhihy1|Rhihy1_858500	518	1.3e-38	34	321	53	344	0.801675977653631
GH79.hmm	455	Rhihy1|Rhihy1_859146	543	1.3e-30	3	331	24	341	0.720879120879121
GH85.hmm	315	Rhihy1|Rhihy1_767890	676	3.3e-86	3	314	51	394	0.987301587301587
GH9.hmm	418	Rhihy1|Rhihy1_719284	586	3.3e-46	9	359	141	536	0.837320574162679
GT1.hmm	382	Rhihy1|Rhihy1_711672	401	2.2e-49	86	380	45	369	0.769633507853403
GT1.hmm	382	Rhihy1|Rhihy1_712544	492	1.6e-38	77	379	90	439	0.790575916230366
GT1.hmm	382	Rhihy1|Rhihy1_713518	328	8.9e-12	111	361	80	321	0.654450261780105
GT1.hmm	382	Rhihy1|Rhihy1_715923	468	1.8e-31	192	381	197	430	0.494764397905759
GT1.hmm	382	Rhihy1|Rhihy1_776001	505	7.4e-25	155	351	222	425	0.513089005235602
GT1.hmm	382	Rhihy1|Rhihy1_793950	435	1.6e-31	187	381	174	397	0.507853403141361
GT1.hmm	382	Rhihy1|Rhihy1_809498	296	3.7e-07	130	259	139	282	0.337696335078534
GT1.hmm	382	Rhihy1|Rhihy1_849569	390	3.4e-34	190	381	153	353	0.5
GT1.hmm	382	Rhihy1|Rhihy1_858220	680	1.1e-24	80	351	330	624	0.709424083769634
GT12.hmm	134	Rhihy1|Rhihy1_717727	1130	8.9e-20	2	95	542	641	0.694029850746269
GT12.hmm	134	Rhihy1|Rhihy1_764987	368	0.00024	61	113	189	242	0.388059701492537
GT12.hmm	134	Rhihy1|Rhihy1_854475	551	0.00073	39	94	162	216	0.41044776119403
GT14.hmm	250	Rhihy1|Rhihy1_771905	489	6.8e-39	2	241	192	434	0.956
GT14.hmm	250	Rhihy1|Rhihy1_792147	368	5.6e-23	1	117	190	331	0.464
GT14.hmm	250	Rhihy1|Rhihy1_794118	399	3.8e-15	1	120	218	351	0.476
GT17.hmm	284	Rhihy1|Rhihy1_2503	352	5.9e-61	13	283	51	324	0.950704225352113
GT17.hmm	284	Rhihy1|Rhihy1_462323	228	9.3e-12	182	283	103	195	0.355633802816901
GT17.hmm	284	Rhihy1|Rhihy1_714948	666	1.1e-19	5	229	73	317	0.788732394366197
GT17.hmm	284	Rhihy1|Rhihy1_714948	666	5.3e-50	17	283	381	639	0.936619718309859
GT17.hmm	284	Rhihy1|Rhihy1_719370	384	1.9e-63	19	283	96	362	0.929577464788732
GT17.hmm	284	Rhihy1|Rhihy1_736057	432	1.3e-48	19	283	156	407	0.929577464788732
GT17.hmm	284	Rhihy1|Rhihy1_756032	365	8.5e-78	5	284	70	358	0.982394366197183
GT17.hmm	284	Rhihy1|Rhihy1_773291	350	1.2e-76	40	284	82	342	0.859154929577465
GT2.hmm	168	Rhihy1|Rhihy1_12734	922	5e-07	72	166	370	471	0.55952380952381
GT2.hmm	168	Rhihy1|Rhihy1_358057	1151	1e-24	1	138	285	425	0.81547619047619
GT2.hmm	168	Rhihy1|Rhihy1_656221	588	3e-13	80	162	262	345	0.488095238095238
GT2.hmm	168	Rhihy1|Rhihy1_657968	742	3.4e-07	2	166	70	307	0.976190476190476
GT2.hmm	168	Rhihy1|Rhihy1_675808	848	9.1e-09	2	166	142	377	0.976190476190476
GT2.hmm	168	Rhihy1|Rhihy1_677896	869	3.6e-07	2	166	181	419	0.976190476190476
GT2.hmm	168	Rhihy1|Rhihy1_696126	899	1.5e-06	2	166	206	445	0.976190476190476
GT2.hmm	168	Rhihy1|Rhihy1_711618	338	1.3e-33	1	135	68	215	0.797619047619048
GT2.hmm	168	Rhihy1|Rhihy1_712049	911	2.3e-06	80	166	358	450	0.511904761904762
GT2.hmm	168	Rhihy1|Rhihy1_712132	243	4.5e-47	1	167	10	179	0.988095238095238
GT2.hmm	168	Rhihy1|Rhihy1_714605	1866	5.1e-15	79	162	1348	1432	0.494047619047619
GT2.hmm	168	Rhihy1|Rhihy1_716103	970	2.2e-07	2	166	277	521	0.976190476190476
GT2.hmm	168	Rhihy1|Rhihy1_716200	707	3.4e-13	80	163	421	505	0.494047619047619
GT2.hmm	168	Rhihy1|Rhihy1_718129	846	0.00028	29	83	559	616	0.321428571428571
GT2.hmm	168	Rhihy1|Rhihy1_720903	1340	7.2e-15	1	99	346	508	0.583333333333333
GT2.hmm	168	Rhihy1|Rhihy1_721020	946	2.2e-14	6	168	477	678	0.964285714285714
GT2.hmm	168	Rhihy1|Rhihy1_722508	1816	5.2e-15	79	162	1322	1406	0.494047619047619
GT2.hmm	168	Rhihy1|Rhihy1_733744	1888	1.7e-12	79	162	1375	1459	0.494047619047619
GT2.hmm	168	Rhihy1|Rhihy1_753569	314	5.5e-15	79	164	121	207	0.505952380952381
GT2.hmm	168	Rhihy1|Rhihy1_759523	458	2e-15	72	164	101	196	0.547619047619048
GT2.hmm	168	Rhihy1|Rhihy1_785490	1329	1.4e-15	73	163	823	914	0.535714285714286
GT2.hmm	168	Rhihy1|Rhihy1_820744	861	6.2e-07	79	166	328	421	0.517857142857143
GT20.hmm	475	Rhihy1|Rhihy1_705161	905	1.1e-187	12	474	17	480	0.972631578947368
GT20.hmm	475	Rhihy1|Rhihy1_855404	935	2.6e-190	11	475	5	478	0.976842105263158
GT20.hmm	475	Rhihy1|Rhihy1_856911	886	3.9e-128	84	403	153	471	0.671578947368421
GT20.hmm	475	Rhihy1|Rhihy1_858211	750	1.4e-161	14	474	8	458	0.968421052631579
GT21.hmm	233	Rhihy1|Rhihy1_722091	538	5.2e-69	1	212	67	270	0.905579399141631
GT21.hmm	233	Rhihy1|Rhihy1_722092	525	8.8e-82	1	226	57	279	0.965665236051502
GT21.hmm	233	Rhihy1|Rhihy1_770449	299	5.8e-65	52	233	1	182	0.776824034334764
GT22.hmm	389	Rhihy1|Rhihy1_697777	595	1.6e-86	2	389	18	461	0.994858611825193
GT22.hmm	389	Rhihy1|Rhihy1_712081	472	1.3e-96	18	389	1	367	0.953727506426735
GT22.hmm	389	Rhihy1|Rhihy1_854565	658	1e-69	5	355	62	497	0.89974293059126
GT24.hmm	248	Rhihy1|Rhihy1_853310	1539	7.4e-130	1	248	1251	1498	0.995967741935484
GT28.hmm	157	Rhihy1|Rhihy1_720064	197	9.2e-14	48	122	76	152	0.471337579617834
GT28.hmm	157	Rhihy1|Rhihy1_725845	197	9.8e-14	49	122	77	152	0.464968152866242
GT3.hmm	637	Rhihy1|Rhihy1_786127	800	1.1e-147	245	599	300	649	0.555729984301413
GT3.hmm	637	Rhihy1|Rhihy1_786127	800	1.4e-101	1	252	18	274	0.39403453689168
GT31.hmm	192	Rhihy1|Rhihy1_237884	136	9.7e-10	2	75	49	125	0.380208333333333
GT31.hmm	192	Rhihy1|Rhihy1_300607	498	3e-15	3	108	383	492	0.546875
GT31.hmm	192	Rhihy1|Rhihy1_366058	206	2.8e-08	64	188	29	145	0.645833333333333
GT31.hmm	192	Rhihy1|Rhihy1_396957	480	1.1e-16	6	189	100	287	0.953125
GT31.hmm	192	Rhihy1|Rhihy1_712374	472	3.1e-12	2	115	91	218	0.588541666666667
GT31.hmm	192	Rhihy1|Rhihy1_712376	533	6.2e-11	2	112	155	279	0.572916666666667
GT31.hmm	192	Rhihy1|Rhihy1_714144	422	5.5e-12	23	188	69	215	0.859375
GT31.hmm	192	Rhihy1|Rhihy1_715740	408	9.7e-12	60	187	147	263	0.661458333333333
GT31.hmm	192	Rhihy1|Rhihy1_717210	339	1.4e-15	62	191	209	330	0.671875
GT31.hmm	192	Rhihy1|Rhihy1_717214	450	1.7e-08	61	190	154	265	0.671875
GT31.hmm	192	Rhihy1|Rhihy1_717216	451	1.3e-14	57	187	172	302	0.677083333333333
GT31.hmm	192	Rhihy1|Rhihy1_719014	607	7.8e-20	12	190	390	551	0.927083333333333
GT31.hmm	192	Rhihy1|Rhihy1_719381	566	2.2e-14	2	184	346	507	0.947916666666667
GT31.hmm	192	Rhihy1|Rhihy1_719386	257	3.7e-17	2	114	45	161	0.583333333333333
GT31.hmm	192	Rhihy1|Rhihy1_719517	457	6.9e-17	2	114	103	228	0.583333333333333
GT31.hmm	192	Rhihy1|Rhihy1_733794	385	2.9e-16	2	185	11	185	0.953125
GT31.hmm	192	Rhihy1|Rhihy1_733795	381	3.9e-15	2	184	11	180	0.947916666666667
GT31.hmm	192	Rhihy1|Rhihy1_743498	248	3e-12	2	117	8	135	0.598958333333333
GT31.hmm	192	Rhihy1|Rhihy1_783211	1971	4.1e-14	61	192	135	258	0.682291666666667
GT31.hmm	192	Rhihy1|Rhihy1_787048	606	3e-19	3	188	378	546	0.963541666666667
GT31.hmm	192	Rhihy1|Rhihy1_791382	618	3.8e-06	2	159	101	240	0.817708333333333
GT31.hmm	192	Rhihy1|Rhihy1_816419	264	1e-12	63	181	93	199	0.614583333333333
GT31.hmm	192	Rhihy1|Rhihy1_846238	467	4.9e-11	1	112	97	222	0.578125
GT31.hmm	192	Rhihy1|Rhihy1_846550	406	3.6e-17	1	188	25	204	0.973958333333333
GT31.hmm	192	Rhihy1|Rhihy1_846551	487	1.3e-17	1	187	106	284	0.96875
GT31.hmm	192	Rhihy1|Rhihy1_852368	598	1.2e-17	2	188	380	546	0.96875
GT31.hmm	192	Rhihy1|Rhihy1_852368	598	6.9e-07	3	115	145	261	0.583333333333333
GT31.hmm	192	Rhihy1|Rhihy1_855443	283	2.7e-11	62	188	153	271	0.65625
GT31.hmm	192	Rhihy1|Rhihy1_855701	566	1.9e-09	58	188	310	432	0.677083333333333
GT31.hmm	192	Rhihy1|Rhihy1_856322	512	2.9e-12	2	188	71	247	0.96875
GT32.hmm	90	Rhihy1|Rhihy1_407275	225	1.5e-18	7	87	111	187	0.888888888888889
GT32.hmm	90	Rhihy1|Rhihy1_425508	394	3.5e-10	51	87	181	217	0.4
GT32.hmm	90	Rhihy1|Rhihy1_583817	401	1.4e-10	2	84	110	219	0.911111111111111
GT32.hmm	90	Rhihy1|Rhihy1_713634	390	6.7e-20	6	86	142	218	0.888888888888889
GT32.hmm	90	Rhihy1|Rhihy1_713640	240	1.6e-20	17	88	21	89	0.788888888888889
GT32.hmm	90	Rhihy1|Rhihy1_714494	281	2.9e-11	3	85	111	213	0.911111111111111
GT32.hmm	90	Rhihy1|Rhihy1_715794	561	1.1e-16	7	87	116	192	0.888888888888889
GT32.hmm	90	Rhihy1|Rhihy1_715794	561	1.3e-12	1	87	349	431	0.955555555555556
GT32.hmm	90	Rhihy1|Rhihy1_717727	1130	6.2e-10	37	81	152	201	0.488888888888889
GT32.hmm	90	Rhihy1|Rhihy1_719003	323	9.5e-23	8	86	84	158	0.866666666666667
GT32.hmm	90	Rhihy1|Rhihy1_735645	694	1.2e-07	3	82	413	519	0.877777777777778
GT32.hmm	90	Rhihy1|Rhihy1_735645	694	1.2e-09	3	84	62	170	0.9
GT32.hmm	90	Rhihy1|Rhihy1_762716	924	5.3e-19	7	87	502	578	0.888888888888889
GT32.hmm	90	Rhihy1|Rhihy1_762716	924	5.7e-05	5	71	769	830	0.733333333333333
GT32.hmm	90	Rhihy1|Rhihy1_763954	354	7.1e-08	3	83	134	241	0.888888888888889
GT32.hmm	90	Rhihy1|Rhihy1_768113	427	3.1e-08	51	85	204	238	0.377777777777778
GT32.hmm	90	Rhihy1|Rhihy1_769539	679	3.1e-18	7	87	153	229	0.888888888888889
GT32.hmm	90	Rhihy1|Rhihy1_769539	679	7.6e-12	5	87	440	518	0.911111111111111
GT32.hmm	90	Rhihy1|Rhihy1_780710	307	1.8e-07	55	84	112	141	0.322222222222222
GT32.hmm	90	Rhihy1|Rhihy1_781536	254	2e-19	8	79	79	145	0.788888888888889
GT32.hmm	90	Rhihy1|Rhihy1_785502	317	3.5e-08	51	81	122	152	0.333333333333333
GT32.hmm	90	Rhihy1|Rhihy1_848149	825	1.3e-09	4	87	564	672	0.922222222222222
GT32.hmm	90	Rhihy1|Rhihy1_848149	825	6e-08	2	86	125	236	0.933333333333333
GT32.hmm	90	Rhihy1|Rhihy1_850640	379	1e-08	51	85	188	222	0.377777777777778
GT32.hmm	90	Rhihy1|Rhihy1_857259	305	8.9e-24	6	88	87	164	0.911111111111111
GT32.hmm	90	Rhihy1|Rhihy1_95237	294	1e-10	3	86	74	153	0.922222222222222
GT33.hmm	425	Rhihy1|Rhihy1_759847	442	6.7e-72	246	423	262	437	0.416470588235294
GT33.hmm	425	Rhihy1|Rhihy1_759847	442	9.2e-34	24	199	87	260	0.411764705882353
GT34.hmm	246	Rhihy1|Rhihy1_436010	224	9.7e-18	2	236	9	207	0.951219512195122
GT34.hmm	246	Rhihy1|Rhihy1_545286	328	5.1e-11	32	164	98	257	0.536585365853659
GT34.hmm	246	Rhihy1|Rhihy1_581500	254	5.9e-17	5	189	12	162	0.747967479674797
GT34.hmm	246	Rhihy1|Rhihy1_712294	530	1.5e-17	3	233	310	507	0.934959349593496
GT34.hmm	246	Rhihy1|Rhihy1_715390	341	2.7e-10	32	167	101	259	0.548780487804878
GT34.hmm	246	Rhihy1|Rhihy1_717218	563	2.3e-16	2	234	338	542	0.943089430894309
GT34.hmm	246	Rhihy1|Rhihy1_717255	593	1e-19	2	233	370	571	0.939024390243902
GT34.hmm	246	Rhihy1|Rhihy1_718285	590	1.4e-19	2	234	368	569	0.943089430894309
GT34.hmm	246	Rhihy1|Rhihy1_718563	645	4e-18	17	233	422	601	0.878048780487805
GT34.hmm	246	Rhihy1|Rhihy1_719492	599	7.4e-16	16	233	396	577	0.882113821138211
GT34.hmm	246	Rhihy1|Rhihy1_723200	646	2.6e-18	17	236	427	627	0.890243902439024
GT34.hmm	246	Rhihy1|Rhihy1_793475	312	3.7e-14	27	238	61	238	0.857723577235772
GT34.hmm	246	Rhihy1|Rhihy1_852414	264	1.9e-09	32	164	66	223	0.536585365853659
GT35.hmm	674	Rhihy1|Rhihy1_782995	690	4.6e-108	351	673	364	681	0.477744807121662
GT35.hmm	674	Rhihy1|Rhihy1_782995	690	6e-127	1	320	45	357	0.473293768545994
GT39.hmm	223	Rhihy1|Rhihy1_677390	722	2.4e-69	2	223	3	245	0.991031390134529
GT39.hmm	223	Rhihy1|Rhihy1_700865	720	8.8e-68	11	223	1	233	0.95067264573991
GT39.hmm	223	Rhihy1|Rhihy1_714661	740	1.7e-68	2	223	61	300	0.991031390134529
GT39.hmm	223	Rhihy1|Rhihy1_716299	575	1.5e-23	94	223	90	210	0.57847533632287
GT39.hmm	223	Rhihy1|Rhihy1_753180	745	1e-69	2	223	3	243	0.991031390134529
GT39.hmm	223	Rhihy1|Rhihy1_834317	773	3.1e-53	3	223	97	334	0.986547085201794
GT4.hmm	160	Rhihy1|Rhihy1_719540	448	4.3e-09	64	135	302	373	0.44375
GT4.hmm	160	Rhihy1|Rhihy1_719542	351	3.5e-08	68	136	199	267	0.425
GT4.hmm	160	Rhihy1|Rhihy1_719592	386	3.8e-30	5	156	161	327	0.94375
GT4.hmm	160	Rhihy1|Rhihy1_720903	1340	1.9e-14	8	124	1100	1236	0.725
GT4.hmm	160	Rhihy1|Rhihy1_725825	446	5.1e-07	66	136	283	353	0.4375
GT4.hmm	160	Rhihy1|Rhihy1_754866	486	4.8e-20	7	132	249	391	0.78125
GT4.hmm	160	Rhihy1|Rhihy1_757953	469	3.6e-34	7	156	241	415	0.93125
GT4.hmm	160	Rhihy1|Rhihy1_764430	391	9.3e-10	41	138	192	287	0.60625
GT4.hmm	160	Rhihy1|Rhihy1_842325	804	3.7e-12	21	138	252	382	0.73125
GT4.hmm	160	Rhihy1|Rhihy1_849229	463	8.3e-34	6	145	217	354	0.86875
GT4.hmm	160	Rhihy1|Rhihy1_852940	804	3.7e-12	21	138	252	382	0.73125
GT4.hmm	160	Rhihy1|Rhihy1_854631	441	2.8e-13	41	139	276	373	0.6125
GT4.hmm	160	Rhihy1|Rhihy1_855527	596	3e-09	36	139	280	383	0.64375
GT43.hmm	212	Rhihy1|Rhihy1_493153	406	7.3e-07	10	154	244	379	0.679245283018868
GT43.hmm	212	Rhihy1|Rhihy1_781355	285	1.7e-06	11	108	90	187	0.457547169811321
GT47.hmm	296	Rhihy1|Rhihy1_848691	396	4.1e-46	63	296	45	341	0.787162162162162
GT50.hmm	262	Rhihy1|Rhihy1_720195	444	7.4e-94	1	261	130	424	0.99236641221374
GT57.hmm	481	Rhihy1|Rhihy1_713508	470	6.5e-137	16	479	3	445	0.962577962577963
GT57.hmm	481	Rhihy1|Rhihy1_759943	490	1.5e-168	10	480	14	484	0.977130977130977
GT58.hmm	364	Rhihy1|Rhihy1_853615	413	1.4e-130	4	364	22	374	0.989010989010989
GT59.hmm	404	Rhihy1|Rhihy1_848847	459	4.6e-116	2	403	26	411	0.992574257425743
GT60.hmm	330	Rhihy1|Rhihy1_771423	633	3e-52	1	328	287	609	0.990909090909091
GT61.hmm	242	Rhihy1|Rhihy1_657875	606	1.6e-09	81	241	129	341	0.661157024793388
GT64.hmm	248	Rhihy1|Rhihy1_714418	720	2.5e-17	2	94	620	718	0.370967741935484
GT64.hmm	248	Rhihy1|Rhihy1_782342	320	1.2e-50	2	239	42	294	0.955645161290323
GT64.hmm	248	Rhihy1|Rhihy1_848057	681	1.5e-33	2	240	378	611	0.959677419354839
GT65.hmm	340	Rhihy1|Rhihy1_718592	858	4.6e-14	9	338	510	853	0.967647058823529
GT66.hmm	693	Rhihy1|Rhihy1_757785	741	3.6e-192	6	601	10	658	0.858585858585859
GT68.hmm	350	Rhihy1|Rhihy1_851146	762	4.6e-15	57	341	445	753	0.811428571428571
GT7.hmm	250	Rhihy1|Rhihy1_721001	365	4.5e-60	21	239	94	313	0.872
GT71.hmm	264	Rhihy1|Rhihy1_133706	383	5.3e-13	157	264	136	264	0.40530303030303
GT71.hmm	264	Rhihy1|Rhihy1_320138	402	1.3e-45	2	259	134	372	0.973484848484849
GT71.hmm	264	Rhihy1|Rhihy1_343599	422	9.2e-43	3	264	87	336	0.988636363636364
GT71.hmm	264	Rhihy1|Rhihy1_407466	186	5.5e-11	177	264	1	91	0.329545454545455
GT71.hmm	264	Rhihy1|Rhihy1_561929	571	1.5e-45	2	258	231	468	0.96969696969697
GT71.hmm	264	Rhihy1|Rhihy1_636576	135	3.1e-29	81	246	1	134	0.625
GT71.hmm	264	Rhihy1|Rhihy1_658787	386	6.2e-48	2	259	46	284	0.973484848484849
GT71.hmm	264	Rhihy1|Rhihy1_658999	382	8.4e-41	2	254	40	278	0.954545454545455
GT71.hmm	264	Rhihy1|Rhihy1_686854	543	3.9e-47	3	264	197	453	0.988636363636364
GT71.hmm	264	Rhihy1|Rhihy1_712884	899	8.4e-38	2	258	552	794	0.96969696969697
GT71.hmm	264	Rhihy1|Rhihy1_714359	566	7.8e-34	2	249	240	458	0.935606060606061
GT71.hmm	264	Rhihy1|Rhihy1_720057	543	3.9e-47	3	264	197	453	0.988636363636364
GT71.hmm	264	Rhihy1|Rhihy1_722703	649	1.3e-32	3	257	268	494	0.962121212121212
GT71.hmm	264	Rhihy1|Rhihy1_722704	281	7.1e-29	3	198	14	193	0.738636363636364
GT71.hmm	264	Rhihy1|Rhihy1_725030	842	1.8e-48	2	257	496	733	0.965909090909091
GT71.hmm	264	Rhihy1|Rhihy1_736691	618	4.1e-40	2	259	271	511	0.973484848484849
GT71.hmm	264	Rhihy1|Rhihy1_737092	557	3.1e-47	2	258	216	452	0.96969696969697
GT71.hmm	264	Rhihy1|Rhihy1_762323	563	9.9e-47	2	264	209	451	0.992424242424242
GT71.hmm	264	Rhihy1|Rhihy1_770958	592	1.4e-46	3	257	254	488	0.962121212121212
GT71.hmm	264	Rhihy1|Rhihy1_789426	1050	7.4e-40	18	263	169	383	0.928030303030303
GT71.hmm	264	Rhihy1|Rhihy1_858232	442	1.3e-41	1	264	63	333	0.996212121212121
GT76.hmm	407	Rhihy1|Rhihy1_757811	396	2.5e-100	52	407	39	395	0.872235872235872
GT77.hmm	216	Rhihy1|Rhihy1_715145	268	1.4e-07	3	87	131	222	0.388888888888889
GT77.hmm	216	Rhihy1|Rhihy1_858261	624	2.1e-20	2	190	303	543	0.87037037037037
GT8.hmm	257	Rhihy1|Rhihy1_112785	278	2.1e-12	38	235	3	209	0.766536964980545
GT8.hmm	257	Rhihy1|Rhihy1_210389	243	1.7e-33	30	234	4	228	0.793774319066148
GT8.hmm	257	Rhihy1|Rhihy1_220987	138	3.2e-14	127	235	7	121	0.420233463035019
GT8.hmm	257	Rhihy1|Rhihy1_642609	179	1.1e-25	32	220	3	177	0.731517509727626
GT8.hmm	257	Rhihy1|Rhihy1_714891	559	1.6e-18	39	246	96	320	0.805447470817121
GT8.hmm	257	Rhihy1|Rhihy1_714892	551	5.5e-18	36	246	84	312	0.817120622568093
GT8.hmm	257	Rhihy1|Rhihy1_716770	1056	2.2e-19	52	235	644	815	0.712062256809339
GT8.hmm	257	Rhihy1|Rhihy1_716770	1056	4.1e-16	44	235	104	293	0.743190661478599
GT8.hmm	257	Rhihy1|Rhihy1_718285	590	1e-11	42	244	100	305	0.785992217898833
GT8.hmm	257	Rhihy1|Rhihy1_718563	645	4.2e-15	42	244	123	347	0.785992217898833
GT8.hmm	257	Rhihy1|Rhihy1_719492	599	4.2e-15	103	235	159	306	0.513618677042802
GT8.hmm	257	Rhihy1|Rhihy1_722824	561	7e-09	112	235	176	310	0.478599221789883
GT8.hmm	257	Rhihy1|Rhihy1_723200	646	1.4e-11	40	235	118	345	0.75875486381323
GT8.hmm	257	Rhihy1|Rhihy1_733882	311	1.5e-06	155	242	95	184	0.33852140077821
GT8.hmm	257	Rhihy1|Rhihy1_736016	216	1e-11	37	150	78	187	0.439688715953307
GT8.hmm	257	Rhihy1|Rhihy1_746193	642	3.3e-12	40	246	42	282	0.801556420233463
GT8.hmm	257	Rhihy1|Rhihy1_787384	1261	2.4e-12	38	235	290	491	0.766536964980545
GT8.hmm	257	Rhihy1|Rhihy1_787384	1261	3.5e-06	40	142	839	930	0.396887159533074
GT90.hmm	250	Rhihy1|Rhihy1_338681	424	4.1e-22	17	163	232	406	0.584
GT90.hmm	250	Rhihy1|Rhihy1_451300	144	9.7e-13	84	177	11	131	0.372
GT90.hmm	250	Rhihy1|Rhihy1_63766	236	3.2e-43	61	248	16	232	0.748
GT90.hmm	250	Rhihy1|Rhihy1_699693	386	2.2e-15	67	250	172	347	0.732
GT90.hmm	250	Rhihy1|Rhihy1_699777	318	1.1e-45	15	231	54	292	0.864
GT90.hmm	250	Rhihy1|Rhihy1_717275	381	1.2e-07	132	250	216	339	0.472
GT90.hmm	250	Rhihy1|Rhihy1_762005	692	2.7e-24	128	226	275	371	0.392
GT90.hmm	250	Rhihy1|Rhihy1_762005	692	7.3e-13	15	101	203	286	0.344
GT90.hmm	250	Rhihy1|Rhihy1_764401	382	5.1e-22	13	161	199	368	0.592
GT90.hmm	250	Rhihy1|Rhihy1_847983	422	1.9e-15	22	179	166	322	0.628
GT90.hmm	250	Rhihy1|Rhihy1_848695	420	3.6e-55	15	248	161	412	0.932
GT90.hmm	250	Rhihy1|Rhihy1_851171	427	5.7e-13	3	168	163	322	0.66
GT90.hmm	250	Rhihy1|Rhihy1_856034	547	2.3e-49	21	247	244	498	0.904
PL15.hmm	134	Rhihy1|Rhihy1_715489	716	1.7e-17	9	125	496	608	0.865671641791045
PL15.hmm	134	Rhihy1|Rhihy1_719506	792	1e-21	9	133	534	657	0.925373134328358
PL15.hmm	134	Rhihy1|Rhihy1_720186	775	2.3e-25	9	133	502	632	0.925373134328358
PL7.hmm	231	Rhihy1|Rhihy1_721617	221	2.2e-26	1	216	17	214	0.930735930735931
PL7.hmm	231	Rhihy1|Rhihy1_793072	162	7.7e-10	153	230	82	160	0.333333333333333
PL7.hmm	231	Rhihy1|Rhihy1_802614	650	5.9e-34	1	229	344	554	0.987012987012987
PL7.hmm	231	Rhihy1|Rhihy1_847630	241	6.7e-29	5	230	41	238	0.974025974025974
PL7.hmm	231	Rhihy1|Rhihy1_857843	282	2.3e-23	4	229	40	280	0.974025974025974
